案件編號,查報日期,權責單位,登錄人員,收件人員,查報地點,道路寬度,"預計
完工日期",實際完工時間,改善完成時間,來源編號,損壞情形,損壞狀況,修補面積,臨時修復,查報來源,案件狀態,照片狀態,瀏覽照片
112031600061, 112/03/16 15:13,中山區(第一分隊),1999話務中心,[第一分隊]一分隊委外廠商(聖東),分OK-(請管區發函給保固廠商)(請管區通知保固單位)中山北路二段-民生西路(原查報地點：中山北路二段-民生西路),八米以上, 112/03/31 15:13, 112/03/31 15:41,15.02,2023031600220,坑洞,立即改善,1,否,1999交辦案件,結案,臨時修復：0 時，施工中：0 天，施工後：7 天，標線復原：9 天,瀏覽照片
112031600038, 112/03/16 11:22,中山區(第一分隊),1999話務中心,[第一分隊]一分隊委外廠商(聖東),分OK-(請管區發函給保固廠商)(管區通知保固單位)10491台灣台北市中山區中山北路二段84號(原查報地點：10491台灣台北市中山區中山北路二段84號),八米以上, 112/03/31 11:22, 112/04/10 17:03,25.24,2023031600140,坑洞,立即改善,1,否,1999交辦案件,結案,臨時修復：0 時，施工中：0 天，施工後：17 天，標線復原：0 天,瀏覽照片
112031500109, 112/03/15 17:46,中山區(第一分隊),一分隊委外廠商(聖東),第一分隊/一分隊委外廠商(聖東),分OK-(請管區發函給建管處請建物所有權人改善)地坪破損(考評)(管區B單)松江路168號(原查報地點：(考評)(管區B單)松江路168號),八米以上, 112/03/30 17:46, 112/03/22 16:57,6.97,,鋪面鬆動,觀察,1,否,廠商,結案,臨時修復：0 時，施工中：0 天，施工後：0 天，標線復原：18 天,瀏覽照片
112031400079, 112/03/14 16:16,中山區(第一分隊),一分隊委外廠商(聖東),第一分隊/一分隊委外廠商(聖東),分OK-(請管區開B單)(掏空開挖)林森北路582號(原查報地點：(掏空開挖)林森北路582號),八米以上, 112/03/29 16:16, 112/03/17 10:24,2.76,,其他,觀察,1,否,廠商,結案,臨時修復：0 時，施工中：0 天，施工後：0 天，標線復原：23 天,瀏覽照片
112031400078, 112/03/14 16:14,中山區(第一分隊),一分隊委外廠商(聖東),第一分隊/一分隊委外廠商(聖東),分OK-(請管區開B單)(台電B單)錦州街321號(原查報地點：(台電B單)錦州街321號),八米以上, 112/03/29 16:14, 112/03/21 16:43,7.02,,孔蓋周邊破損,短期改善,1,否,廠商,結案,臨時修復：0 時，施工中：0 天，施工後：0 天，標線復原：19 天,瀏覽照片
112031400071, 112/03/14 15:51,中山區(第一分隊委外),一分隊委外廠商(聖東),第一分隊/一分隊委外廠商(聖東),聖OK-(AC)(掏空開挖)雙城街18巷13號(原查報地點：(掏空開挖)雙城街18巷13號),八米以下, 112/03/29 15:51, 112/03/23 18:00,9.09,,其他,觀察,1,否,廠商,結案,臨時修復：0 時，施工中：0 天，施工後：0 天，標線復原：26 天,瀏覽照片
112031400016, 112/03/14 10:25,中山區(第一分隊),1999話務中心,[第一分隊]一分隊委外廠商(聖東),分OK-(請管區開B單)10491台灣台北市中山區龍江路55巷14號(原查報地點：10491台灣台北市中山區龍江路55巷14號),八米以上, 112/03/29 10:25, 112/04/10 17:03,27.28,2023031400075,人手孔缺失,立即改善,1,否,1999交辦案件,結案,臨時修復：0 時，施工中：0 天，施工後：19 天，標線復原：0 天,瀏覽照片
112031300034, 112/03/13 11:52,中山區(第一分隊委外),1999話務中心,[第一分隊]一分隊委外廠商(聖東),聖OK-(AC)10491台灣台北市中山區北安路676號(原查報地點：10491台灣台北市中山區北安路676號),八米以上, 112/03/28 11:52, 112/03/25 18:00,12.26,2023031300102,坑洞,立即改善,1,否,1999交辦案件,結案,臨時修復：0 時，施工中：0 天，施工後：4 天，標線復原：15 天,瀏覽照片
112031300031, 112/03/13 11:25,中山區(第一分隊),一分隊委外廠商(聖東),第一分隊/一分隊委外廠商(聖東),分OK-(請管區發函給交工處)(考評)(交工B單)松江路204號(原查報地點：(考評)(交工B單)松江路204號),八米以上, 112/03/28 11:25, 112/03/30 17:42,17.26,,其他,觀察,1,否,廠商,結案,臨時修復：0 時，施工中：0 天，施工後：9 天，標線復原：10 天,瀏覽照片
112031300029, 112/03/13 10:43,中山區(第一分隊委外),1999話務中心,[第一分隊]一分隊委外廠商(聖東),聖OK-(AC)10491台灣台北市中山區民生東路二段115巷40號(原查報地點：10491台灣台北市中山區民生東路二段115巷40號),八米以上, 112/03/28 10:43, 112/03/28 08:41,14.91,2023031300072,坑洞,立即改善,1,否,1999交辦案件,結案,臨時修復：0 時，施工中：0 天，施工後：7 天，標線復原：12 天,瀏覽照片
112031000008, 112/03/10 09:37,中山區(第一分隊),1999話務中心,[第一分隊]一分隊委外廠商(聖東),分OK-(請管區發函給建管處請建物所有權人改善)臺北市中山區興亞里018鄰南京東路二段106號(原查報地點：臺北市中山區興亞里018鄰南京東路二段106號),八米以上, 112/03/25 09:37, 112/03/21 09:26,10.99,2023031000070,人手孔缺失,立即改善,1,否,1999交辦案件,結案,臨時修復：0 時，施工中：0 天，施工後：3 天，標線復原：19 天,瀏覽照片
112030900011, 112/03/09 10:17,中山區(第一分隊),1999話務中心,[第一分隊]一分隊委外廠商(聖東),分OK-(請管區開B單)(台電B單)臺北市中山區中庄里001鄰民生東路二段1號(原查報地點：臺北市中山區中庄里001鄰民生東路二段1號),八米以上, 112/03/24 10:17, 112/03/21 16:39,12.27,2023030900065,人手孔缺失,立即改善,1,否,1999交辦案件,結案,臨時修復：0 時，施工中：0 天，施工後：4 天，標線復原：19 天,瀏覽照片
112030900006, 112/03/09 09:44,中山區(第一分隊),一分隊委外廠商(聖東),第一分隊/一分隊委外廠商(聖東),分OK-(請管區開B單)(台電B單)長安西路39號(原查報地點：臺北市大同區長安西路39號),八米以下, 112/03/24 09:44, 112/03/13 10:08,4.02,,隆起與凹陷,短期改善,1,否,隊部,結案,臨時修復：0 時，施工中：32 天，施工後：0 天，標線復原：27 天,瀏覽照片
112030800026, 112/03/08 14:07,中山區(第一分隊),1999話務中心,[第一分隊]一分隊委外廠商(聖東),分OK-(請管區開B單)新生北路二段-新生北路二段115巷(原查報地點：新生北路二段-新生北路二段115巷),八米以上, 112/03/23 14:07, 112/03/21 16:32,13.1,2023030800187,人手孔缺失,立即改善,1,否,1999交辦案件,結案,臨時修復：0 時，施工中：0 天，施工後：5 天，標線復原：19 天,瀏覽照片
112030600027, 112/03/06 10:36,中山區(第一分隊),1999話務中心,[第一分隊]一分隊委外廠商(聖東),分OK-(請管區開B單)(台電B單)台北市中山區長春路160號(原查報地點：台北市中山區長春路160號),八米以上, 112/03/21 10:36, 112/03/17 15:25,11.2,2023030600107,人手孔缺失,立即改善,1,否,1999交辦案件,結案,臨時修復：0 時，施工中：0 天，施工後：3 天，標線復原：23 天,瀏覽照片
112030300020, 112/03/03 11:30,中山區(第一分隊),1999話務中心,[第一分隊]一分隊委外廠商(聖東),分OK-(請管區發函給建管處請建商改善)(建損請管區通知)10491台灣台北市中山區中山北路一段33巷30號(原查報地點：10491台灣台北市中山區中山北路一段33巷30號),八米以上, 112/03/18 11:30, 112/03/14 16:40,11.21,2023030300133,龜裂,觀察,1,否,1999交辦案件,結案,臨時修復：0 時，施工中：0 天，施工後：14 天，標線復原：15 天,瀏覽照片
112030200117, 112/03/02 17:10,中山區(第一分隊),1999話務中心,[第一分隊]一分隊委外廠商(聖東),分OK-(請管區開B單)臺北市中山區永安里023鄰明水路397巷7弄44號(原查報地點：臺北市中山區永安里023鄰明水路397巷7弄44號),八米以上, 112/03/17 17:10, 112/03/17 15:30,14.93,2023030200255,人手孔缺失,立即改善,1,否,1999交辦案件,結案,臨時修復：0 時，施工中：0 天，施工後：7 天，標線復原：23 天,瀏覽照片
112030100040, 112/03/01 13:32,中山區(第一分隊委外),1999話務中心,[第一分隊]一分隊委外廠商(聖東),聖OK-(AC)104台灣台北市中山區北安路554巷5-1號(原查報地點：104台灣台北市中山區北安路554巷5-1號),八米以上, 112/03/16 13:32, 112/03/13 18:00,12.19,2023030100170,坑洞,立即改善,1,否,1999交辦案件,結案,臨時修復：0 時，施工中：0 天，施工後：4 天，標線復原：27 天,瀏覽照片
112030100002, 112/03/01 08:54,中山區(第一分隊),1999話務中心,[第一分隊]一分隊委外廠商(聖東),分OK-(請管區開B單)臺北市中山區中山里014鄰新生北路二段76巷9號(原查報地點：臺北市中山區中山里014鄰新生北路二段76巷9號),八米以上, 112/03/16 08:54, 112/03/14 17:08,13.34,2023030100054,人手孔缺失,立即改善,1,否,1999交辦案件,結案,臨時修復：0 時，施工中：0 天，施工後：5 天，標線復原：26 天,瀏覽照片
112022400061, 112/02/24 15:34,中山區(第一分隊委外),一分隊委外廠商(聖東),第一分隊/一分隊委外廠商(聖東),聖東-OK(考評)崇實路與大直街62巷交叉口,八米以上, 112/03/11 15:34, 112/03/23 18:00,27.1,,車道與路肩分離,觀察,1,否,廠商,結案,臨時修復：0 時，施工中：45 天，施工後：19 天，標線復原：17 天,瀏覽照片
112022400003, 112/02/24 10:14,中山區(第一分隊),1999話務中心,[第一分隊]一分隊委外廠商(聖東),分OK-(請管區開B單)大直街105號(原查報地點：大直街105號),八米以上, 112/03/11 10:14, 112/03/02 14:24,6.17,2023022400074,人手孔缺失,立即改善,1,否,1999交辦案件,結案,臨時修復：0 時，施工中：0 天，施工後：0 天，標線復原：38 天,瀏覽照片
112022300180, 112/02/23 21:08,中山區(第一分隊委外),一分隊委外廠商(聖東),第一分隊/一分隊委外廠商(聖東),聖東-OK(考評)中山北路2段84號,八米以上, 112/03/10 21:08, 112/03/03 11:15,7.59,,孔蓋周邊破損,觀察,1,否,廠商,結案,臨時修復：0 時，施工中：46 天，施工後：0 天，標線復原：37 天,瀏覽照片
112022200028, 112/02/22 14:30,中山區(第一分隊),1999話務中心,[第一分隊]一分隊委外廠商(聖東),分OK-(請管區發函給公運處)(管區確認權責)公廁點位：中山計程車服務站，參考地址：新生北路三段168號(原查報地點：公廁點位：中山計程車服務站，參考地址：新生北路三段168號),八米以上, 112/03/09 14:30, 112/03/07 16:06,13.07,2023022200143,坑洞,立即改善,1,否,1999交辦案件,結案,臨時修復：0 時，施工中：0 天，施工後：5 天，標線復原：33 天,瀏覽照片
112022200021, 112/02/22 10:40,中山區(第一分隊委外),一分隊委外廠商(聖東),第一分隊/一分隊委外廠商(聖東),(聖東AC)(聖東已修復)中山北路4段往中山北路3段圓山飯店下坡處外車道(原查報地點：(聖東AC)中山北路4段往中山北路3段圓山飯店下坡處外車道),八米以上, 112/03/16 16:02, 112/03/01 16:42,0.03,,龜裂,短期改善,1,否,廠商,結案,臨時修復：0 時，施工中：47 天，施工後：0 天，標線復原：39 天,瀏覽照片
112021700022, 112/02/17 14:27,中山區(第一分隊委外),一分隊委外廠商(聖東),第一分隊/一分隊委外廠商(聖東),新生高架橋下,八米以下, 112/03/04 14:27, 112/03/01 10:29,11.83,,其他,立即改善,1,否,廠商,結案,臨時修復：0 時，施工中：52 天，施工後：4 天，標線復原：39 天,瀏覽照片
112021600035, 112/02/16 13:49,中山區(第一分隊),一分隊委外廠商(聖東),第一分隊/一分隊委外廠商(聖東),分OK-(請管區開B單)(瓦斯B單)龍江路185號(原查報地點：(瓦斯B單)龍江路185號),八米以上, 112/03/03 13:49, 112/02/20 15:33,4.07,,人手孔缺失,觀察,1,否,廠商,結案,臨時修復：0 時，施工中：0 天，施工後：0 天，標線復原：48 天,瀏覽照片
112021500018, 112/02/15 11:31,中山區(第一分隊委外),1999話務中心,[第一分隊]一分隊委外廠商(聖東),聖OK-(AC)10491台灣台北市中山區長安東路一段22-2號(原查報地點：10491台灣台北市中山區長安東路一段22-2號),八米以上, 112/03/02 11:31, 112/03/02 18:00,15.27,2023021500104,坑洞,立即改善,1,否,1999交辦案件,結案,臨時修復：0 時，施工中：0 天，施工後：7 天，標線復原：38 天,瀏覽照片
112021500004, 112/02/15 09:44,中山區(第一分隊委外),1999話務中心,[第一分隊]一分隊委外廠商(聖東),(聖-OK)10491台灣台北市中山區復興北路488巷31號(原查報地點：10491台灣台北市中山區復興北路488巷31號),八米以上, 112/03/02 09:44, 112/03/01 18:00,14.34,2023021500055,坑洞,立即改善,1,否,1999交辦案件,結案,臨時修復：0 時，施工中：54 天，施工後：6 天，標線復原：39 天,瀏覽照片
112021400250, 112/02/14 19:45,中山區(第一分隊委外),1999話務中心,[第一分隊]一分隊委外廠商(聖東),(聖-OK)北安路366號(原查報地點：北安路366號),八米以上, 112/03/01 19:45, 112/02/20 09:17,5.56,2023021400279,坑洞,立即改善,1,否,1999交辦案件,結案,臨時修復：0 時，施工中：0 天，施工後：0 天，標線復原：48 天,瀏覽照片
112021400133, 112/02/14 17:36,中山區(第一分隊委外),一分隊委外廠商(聖東),第一分隊/一分隊委外廠商(聖東),(聖東設施)(聖東已修復)錦州街23巷70號(原查報地點：(聖東設施)錦州街23巷70號),八米以下, 112/03/23 17:01, 112/03/08 17:01,0,,其他,觀察,1,否,廠商,結案,臨時修復：0 時，施工中：0 天，施工後：14 天，標線復原：32 天,瀏覽照片
112021400132, 112/02/14 17:05,中山區(第一分隊委外),1999話務中心,[第一分隊]一分隊委外廠商(聖東),(聖-OK)10491台灣台北市中山區長安東路一段8-3號(原查報地點：10491台灣台北市中山區長安東路一段8-3號),八米以上, 112/03/01 17:05, 112/03/01 13:40,14.86,2023021400209,坑洞,立即改善,1,否,1999交辦案件,結案,臨時修復：0 時，施工中：0 天，施工後：7 天，標線復原：39 天,瀏覽照片
112021400128, 112/02/14 16:54,中山區(第一分隊委外),一分隊委外廠商(聖東),第一分隊/一分隊委外廠商(聖東),聖OK-(設施)復興北路458號與五常街口(原查報地點：復興北路458號與五常街口),八米以上, 112/03/31 16:54, 112/03/30 17:09,44.01,,溝蓋路邊緣石,觀察,1,否,廠商,結案,臨時修復：0 時，施工中：43 天，施工後：36 天，標線復原：10 天,瀏覽照片
112021400023, 112/02/14 13:59,中山區(第一分隊委外),1999話務中心,[第一分隊]一分隊委外廠商(聖東),(聖-OK)10491台灣台北市中山區復興北路514巷47號(原查報地點：10491台灣台北市中山區復興北路514巷47號),八米以上, 112/03/31 13:59, 112/03/22 18:00,36.17,2023021400133,溝蓋路邊緣石,立即改善,1,否,1999交辦案件,結案,臨時修復：0 時，施工中：0 天，施工後：28 天，標線復原：18 天,瀏覽照片
112021400018, 112/02/14 11:53,中山區(第一分隊),一分隊委外廠商(聖東),第一分隊/一分隊委外廠商(聖東),分OK-(請管區開B單)(水利B單)北安路554巷8弄11號(原查報地點：北安路554巷8弄11號),八米以上, 112/03/01 11:53, 112/03/02 09:38,15.91,,孔蓋周邊破損,觀察,1,否,廠商,結案,臨時修復：0 時，施工中：55 天，施工後：8 天，標線復原：38 天,瀏覽照片
112021300022, 112/02/13 11:36,中山區(第一分隊),一分隊委外廠商(聖東),第一分隊/一分隊委外廠商(聖東),分OK-(請管區開B單)(交工B單)北安路往大直橋方向過大直街(原查報地點：(交工B單)北安路往大直橋方向過大直街),八米以上, 112/03/30 11:36, 112/03/13 16:02,28.18,,縱向及橫向裂縫,觀察,1,否,廠商,結案,臨時修復：0 時，施工中：56 天，施工後：20 天，標線復原：27 天,瀏覽照片
112021200005, 112/02/12 13:00,中山區(第一分隊),1999話務中心,[第一分隊]一分隊委外廠商(聖東),分OK-(請管區發函給建管處請建物所有權人改善)(管區釐清權責範圍)臺北市中山區朱園里014鄰伊通街2號(原查報地點：臺北市中山區朱園里014鄰伊通街2號),八米以上, 112/03/29 13:00, 112/03/31 15:45,47.11,2023021200107,溝蓋路邊緣石,立即改善,1,否,1999交辦案件,結案,臨時修復：0 時，施工中：0 天，施工後：38 天，標線復原：10 天,瀏覽照片
112021000016, 112/02/10 14:13,中山區(第一分隊),1999話務中心,[第一分隊]一分隊委外廠商(聖東),分OK-(請管區發函給建管處請建商改善)(建損)中山區長春路204號(原查報地點：10491台灣台北市中山區長春路204號),八米以上, 112/03/27 14:13, 112/03/30 15:34,48.06,2023021000152,溝蓋路邊緣石,立即改善,1,否,1999交辦案件,結案,臨時修復：0 時，施工中：0 天，施工後：39 天，標線復原：11 天,瀏覽照片
112020900002, 112/02/09 08:48,中山區(第一分隊委外),1999話務中心,[第一分隊]一分隊委外廠商(聖東),(聖-OK)10491台灣台北市中山區北安路538號(原查報地點：10491台灣台北市中山區北安路538號),八米以上, 112/03/26 08:48, 112/03/22 18:00,41.38,2023020900038,溝蓋路邊緣石,立即改善,1,否,1999交辦案件,結案,臨時修復：0 時，施工中：0 天，施工後：33 天，標線復原：18 天,瀏覽照片
112020800006, 112/02/08 07:12,中山區(第一分隊委外),一分隊委外廠商(聖東),第一分隊/一分隊委外廠商(聖東),(聖東已修復)(聖東設施)八德路2段235號(原查報地點：(聖東設施)八德路2段235號),八米以上, 112/03/18 12:14, 112/03/06 12:31,3.01,,鋪面破損,觀察,1,否,廠商,結案,臨時修復：0 時，施工中：0 天，施工後：15 天，標線復原：37 天,瀏覽照片
112020800003, 112/02/08 05:26,中山區(第一分隊),一分隊委外廠商(聖東),第一分隊/一分隊委外廠商(聖東),分OK-(請管區發函給建管處請建商改善)(建損B單)建國北路2段與長春路交叉口(西南角)(原查報地點：雙城街13巷7號),八米以下, 112/03/25 05:26, 112/03/30 15:43,50.43,,溝蓋路邊緣石,觀察,1,否,廠商,結案,臨時修復：0 時，施工中：0 天，施工後：42 天，標線復原：10 天,瀏覽照片
112020700279, 112/02/07 18:50,中山區(第一分隊),一分隊委外廠商(聖東),第一分隊/一分隊委外廠商(聖東),分OK-工班(人行道破損水泥抹平)(考評)(分隊工班)中山北路2段92號(原查報地點：(考評)(分隊工班)中山北路2段92號),八米以上, 112/03/24 18:50, 112/02/15 10:25,7.65,,溝蓋路邊緣石,觀察,1,否,廠商,結案,臨時修復：0 時，施工中：7 天，施工後：0 天，標線復原：53 天,瀏覽照片
112020700278, 112/02/07 18:49,中山區(第一分隊),一分隊委外廠商(聖東),第一分隊/一分隊委外廠商(聖東),分OK-工班(高壓磚鬆動)(考評)(分隊工班)中山北路2段92號(原查報地點：(考評)(分隊工班)中山北路2段92號),八米以上, 112/03/24 18:49, 112/02/15 10:23,7.65,,溝蓋路邊緣石,觀察,1,否,廠商,結案,臨時修復：0 時，施工中：7 天，施工後：0 天，標線復原：53 天,瀏覽照片
112020700277, 112/02/07 18:47,中山區(第一分隊),一分隊委外廠商(聖東),第一分隊/一分隊委外廠商(聖東),分OK-工班(高壓磚破損)(考評)(分隊工班)中山北路2段92號(原查報地點：(考評)(分隊工班)中山北路2段92號),八米以上, 112/03/24 18:47, 112/02/15 10:22,7.65,,溝蓋路邊緣石,觀察,1,否,廠商,結案,臨時修復：0 時，施工中：7 天，施工後：0 天，標線復原：53 天,瀏覽照片
112020700276, 112/02/07 18:46,中山區(第一分隊),一分隊委外廠商(聖東),第一分隊/一分隊委外廠商(聖東),分OK-工班(人行道破損水泥抹平)(考評)(分隊工班)中山北路2段92號(原查報地點：(考評)(分隊工班)中山北路2段92號),八米以上, 112/03/24 18:46, 112/02/15 10:12,7.64,,溝蓋路邊緣石,觀察,1,否,廠商,結案,臨時修復：0 時，施工中：7 天，施工後：0 天，標線復原：53 天,瀏覽照片
112020700275, 112/02/07 18:44,中山區(第一分隊),一分隊委外廠商(聖東),第一分隊/一分隊委外廠商(聖東),分OK-工班(高壓磚鬆動)(考評)(分隊工班)中山北路2段92號(原查報地點：(考評)(分隊工班)中山北路2段92號),八米以上, 112/03/24 18:44, 112/02/15 10:24,7.65,,溝蓋路邊緣石,觀察,2,否,廠商,結案,臨時修復：0 時，施工中：7 天，施工後：0 天，標線復原：53 天,瀏覽照片
112020700274, 112/02/07 18:43,中山區(第一分隊),一分隊委外廠商(聖東),第一分隊/一分隊委外廠商(聖東),分OK-工班(人行道破損水泥抹平)(考評)(分隊工班)中山北路2段96號(原查報地點：(考評)(分隊工班)中山北路2段96號),八米以上, 112/03/24 18:43, 112/02/15 10:10,7.64,,溝蓋路邊緣石,觀察,1,否,廠商,結案,臨時修復：0 時，施工中：7 天，施工後：0 天，標線復原：53 天,瀏覽照片
112020700273, 112/02/07 18:43,中山區(第一分隊),一分隊委外廠商(聖東),第一分隊/一分隊委外廠商(聖東),分OK-工班(人行道破損水泥抹平)(考評)(分隊工班)中山北路2段96號(原查報地點：(考評)(分隊工班)中山北路2段96號),八米以上, 112/03/24 18:43, 112/02/15 10:11,7.64,,溝蓋路邊緣石,觀察,1,否,廠商,結案,臨時修復：0 時，施工中：7 天，施工後：0 天，標線復原：53 天,瀏覽照片
112020700272, 112/02/07 18:41,中山區(第一分隊),一分隊委外廠商(聖東),第一分隊/一分隊委外廠商(聖東),分OK-工班(路緣石破損水泥修補含補漆)(考評)(分隊工班)南京西路15號(原查報地點：(考評)(分隊工班)南京西路15號),八米以上, 112/03/24 18:41, 112/03/15 10:30,35.66,,溝蓋路邊緣石,觀察,1,否,廠商,結案,臨時修復：0 時，施工中：35 天，施工後：28 天，標線復原：25 天,瀏覽照片
112020700259, 112/02/07 18:19,中山區(第一分隊),一分隊委外廠商(聖東),第一分隊/一分隊委外廠商(聖東),分OK-工班(路緣石破損水泥修補含補漆)(考評)(分隊工班)南京西路17號(原查報地點：(考評)(分隊工班)南京西路17號),八米以上, 112/03/24 18:19, 112/03/15 10:31,35.67,,溝蓋路邊緣石,觀察,1,否,廠商,結案,臨時修復：0 時，施工中：35 天，施工後：28 天，標線復原：25 天,瀏覽照片
112020700258, 112/02/07 18:17,中山區(第一分隊),一分隊委外廠商(聖東),第一分隊/一分隊委外廠商(聖東),分OK-工班(路緣石破損水泥修補含補漆)(考評)(分隊工班)南京西路17號(原查報地點：(考評)(分隊工班)南京西路17號),八米以上, 112/03/24 18:17, 112/03/15 10:31,35.68,,溝蓋路邊緣石,觀察,1,否,廠商,結案,臨時修復：0 時，施工中：35 天，施工後：28 天，標線復原：25 天,瀏覽照片
112020700257, 112/02/07 18:16,中山區(第一分隊),一分隊委外廠商(聖東),第一分隊/一分隊委外廠商(聖東),分OK-工班(側溝蓋裂縫破損水泥抹平)(考評)(分隊工班)南京西路5-1號(原查報地點：(考評)(分隊工班)南京西路5-1號),八米以上, 112/03/24 18:16, 112/03/15 10:24,35.67,,溝蓋路邊緣石,觀察,1,否,廠商,結案,臨時修復：0 時，施工中：35 天，施工後：28 天，標線復原：25 天,瀏覽照片
112020700256, 112/02/07 18:14,中山區(第一分隊),一分隊委外廠商(聖東),第一分隊/一分隊委外廠商(聖東),分OK-工班(側溝蓋裂縫破損水泥抹平)(考評)(分隊工班)南京西路3號(原查報地點：(考評)(分隊工班)南京西路3號),八米以上, 112/03/24 18:14, 112/03/15 10:22,35.67,,溝蓋路邊緣石,觀察,1,否,廠商,結案,臨時修復：0 時，施工中：62 天，施工後：28 天，標線復原：25 天,瀏覽照片
112020700255, 112/02/07 18:13,中山區(第一分隊),一分隊委外廠商(聖東),第一分隊/一分隊委外廠商(聖東),分OK-工班(路緣石修復)(考評)(分隊工班)中山北路與南京西路交叉口(西北角)(原查報地點：(考評)(分隊工班)中山北路與南京西路交叉口(西北角)),八米以上, 112/03/24 18:13, 112/02/21 08:40,13.6,,溝蓋路邊緣石,觀察,1,否,廠商,結案,臨時修復：0 時，施工中：13 天，施工後：6 天，標線復原：47 天,瀏覽照片
112020700254, 112/02/07 18:12,中山區(第一分隊),一分隊委外廠商(聖東),第一分隊/一分隊委外廠商(聖東),分OK-工班(高壓磚鬆動)(考評)(分隊工班)中山北路2段2號(原查報地點：(考評)(分隊工班)中山北路2段2號),八米以上, 112/03/24 18:12, 112/02/17 10:24,9.67,,溝蓋路邊緣石,觀察,1,否,廠商,結案,臨時修復：0 時，施工中：9 天，施工後：2 天，標線復原：51 天,瀏覽照片
112020700253, 112/02/07 18:11,中山區(第一分隊),一分隊委外廠商(聖東),第一分隊/一分隊委外廠商(聖東),分OK-工班(高壓磚鬆動)(考評)(分隊工班)中山北路2段4-3號(原查報地點：(考評)(分隊工班)中山北路2段4-3號),八米以上, 112/03/24 18:11, 112/02/17 10:21,9.67,,溝蓋路邊緣石,觀察,1,否,廠商,結案,臨時修復：0 時，施工中：9 天，施工後：2 天，標線復原：51 天,瀏覽照片
112020700252, 112/02/07 18:10,中山區(第一分隊),一分隊委外廠商(聖東),第一分隊/一分隊委外廠商(聖東),分OK-工班(人行道磚面污漬清除)(考評)(分隊工班)中山北路2段6號(原查報地點：(考評)(分隊工班)中山北路2段6號),八米以上, 112/03/24 18:10, 112/03/21 09:47,41.65,,溝蓋路邊緣石,觀察,1,否,廠商,結案,臨時修復：0 時，施工中：41 天，施工後：34 天，標線復原：19 天,瀏覽照片
112020700251, 112/02/07 18:09,中山區(第一分隊),一分隊委外廠商(聖東),第一分隊/一分隊委外廠商(聖東),分OK-工班(高壓磚鬆動)(考評)(分隊工班)中山北路2段10號(原查報地點：(考評)(分隊工班)中山北路2段10號),八米以上, 112/03/24 18:09, 112/02/17 10:20,9.67,,溝蓋路邊緣石,觀察,1,否,廠商,結案,臨時修復：0 時，施工中：9 天，施工後：2 天，標線復原：51 天,瀏覽照片
112020700250, 112/02/07 18:08,中山區(第一分隊),一分隊委外廠商(聖東),第一分隊/一分隊委外廠商(聖東),分OK-工班(路緣石縫隙水泥填滿抹平修復)(考評)(分隊工班)中山北路2段12號(原查報地點：(考評)(分隊工班)中山北路2段12號),八米以上, 112/03/24 18:08, 112/02/21 08:39,13.6,,溝蓋路邊緣石,觀察,1,否,廠商,結案,臨時修復：0 時，施工中：13 天，施工後：6 天，標線復原：47 天,瀏覽照片
112020700249, 112/02/07 18:06,中山區(第一分隊),一分隊委外廠商(聖東),第一分隊/一分隊委外廠商(聖東),分OK-工班(路緣石修復)(考評)(分隊工班)中山北路2段14號(原查報地點：(考評)(分隊工班)中山北路2段14號),八米以上, 112/03/24 18:06, 112/02/17 10:20,9.68,,溝蓋路邊緣石,觀察,1,否,廠商,結案,臨時修復：0 時，施工中：9 天，施工後：2 天，標線復原：51 天,瀏覽照片
112020700248, 112/02/07 18:05,中山區(第一分隊),一分隊委外廠商(聖東),第一分隊/一分隊委外廠商(聖東),分OK-工班(設施物青苔清除)(考評)(分隊工班)中山北路2段16號(原查報地點：(考評)(分隊工班)中山北路2段16號),八米以上, 112/03/24 18:05, 112/02/17 10:25,9.68,,溝蓋路邊緣石,觀察,1,否,廠商,結案,臨時修復：0 時，施工中：62 天，施工後：2 天，標線復原：51 天,瀏覽照片
112020700247, 112/02/07 18:04,中山區(第一分隊),一分隊委外廠商(聖東),第一分隊/一分隊委外廠商(聖東),分OK-工班(高壓磚鬆動)(考評)(分隊工班)中山北路2段22號(原查報地點：(考評)(分隊工班)中山北路2段22號),八米以上, 112/03/24 18:04, 112/02/17 10:28,9.68,,溝蓋路邊緣石,觀察,1,否,廠商,結案,臨時修復：0 時，施工中：9 天，施工後：2 天，標線復原：51 天,瀏覽照片
112020700246, 112/02/07 18:02,中山區(第一分隊),一分隊委外廠商(聖東),第一分隊/一分隊委外廠商(聖東),分OK-工班(人行道機車停車位置高低差水泥抹平)(考評)(分隊工班)中山北路2段24號(原查報地點：(考評)(分隊工班)中山北路2段24號),八米以上, 112/03/24 18:02, 112/02/17 10:17,9.68,,溝蓋路邊緣石,觀察,1,否,廠商,結案,臨時修復：0 時，施工中：9 天，施工後：2 天，標線復原：51 天,瀏覽照片
112020700245, 112/02/07 17:59,中山區(第一分隊),一分隊委外廠商(聖東),第一分隊/一分隊委外廠商(聖東),分OK-(請管區發函給台泥大樓改善)(考評)(請管區發函台泥大樓)中山北路2段42號(原查報地點：(考評)(請管區發函台泥大樓)中山北路2段42號),八米以上, 112/03/24 17:59, 112/03/22 16:49,42.95,,溝蓋路邊緣石,觀察,1,否,廠商,結案,臨時修復：0 時，施工中：62 天，施工後：35 天，標線復原：18 天,瀏覽照片
112020700244, 112/02/07 17:57,中山區(第一分隊),一分隊委外廠商(聖東),第一分隊/一分隊委外廠商(聖東),分OK-(請管區發函給台泥大樓改善)(考評)(請管區發函台泥大樓)中山北路2段42號(原查報地點：(考評)(請管區發函台泥大樓)中山北路2段42號),八米以上, 112/03/24 17:57, 112/03/22 16:52,42.95,,溝蓋路邊緣石,觀察,1,否,廠商,結案,臨時修復：0 時，施工中：62 天，施工後：35 天，標線復原：18 天,瀏覽照片
112020700242, 112/02/07 17:52,中山區(第一分隊),一分隊委外廠商(聖東),第一分隊/一分隊委外廠商(聖東),分OK-(請管區開B單)(竄根)(考評)(公園處)中山北路2段92號(原查報地點：(考評)(公園處)中山北路2段92號),八米以上, 112/03/24 17:52, 112/02/23 10:02,15.67,,溝蓋路邊緣石,觀察,1,否,廠商,結案,臨時修復：0 時，施工中：15 天，施工後：8 天，標線復原：45 天,瀏覽照片
112020700241, 112/02/07 17:51,中山區(第一分隊),一分隊委外廠商(聖東),第一分隊/一分隊委外廠商(聖東),分OK-(請管區開B單)(竄根)(考評)(公園處)中山北路2段92號(原查報地點：(考評)(公園處)中山北路2段92號),八米以上, 112/03/24 17:51, 112/02/23 10:00,15.67,,溝蓋路邊緣石,觀察,1,否,廠商,結案,臨時修復：0 時，施工中：15 天，施工後：8 天，標線復原：45 天,瀏覽照片
112020700240, 112/02/07 17:49,中山區(第一分隊),一分隊委外廠商(聖東),第一分隊/一分隊委外廠商(聖東),分OK-(請管區開B單)標線脫漆(考評)(交工處)中山北路2段92號(原查報地點：(考評)(交工處)中山北路2段92號),八米以上, 112/03/24 17:49, 112/02/14 17:20,6.98,,溝蓋路邊緣石,觀察,1,否,廠商,結案,臨時修復：0 時，施工中：62 天，施工後：0 天，標線復原：54 天,瀏覽照片
112020700239, 112/02/07 17:47,中山區(第一分隊),一分隊委外廠商(聖東),第一分隊/一分隊委外廠商(聖東),分OK-工班(分隔島鋤草)(考評)(分隊工班)民權東路2段1號(原查報地點：(考評)(分隊工班)民權東路2段1號),八米以上, 112/03/24 17:47, 112/02/09 10:03,1.68,,溝蓋路邊緣石,觀察,1,否,廠商,結案,臨時修復：0 時，施工中：1 天，施工後：0 天，標線復原：59 天,瀏覽照片
112020700238, 112/02/07 17:46,中山區(第一分隊),一分隊委外廠商(聖東),第一分隊/一分隊委外廠商(聖東),分OK-工班(高壓磚鬆動)(考評)(分隊工班)民權東路2段1號(原查報地點：(考評)(分隊工班)民權東路2段1號),八米以上, 112/03/24 17:46, 112/02/10 13:48,2.83,,溝蓋路邊緣石,觀察,1,否,廠商,結案,臨時修復：0 時，施工中：2 天，施工後：0 天，標線復原：58 天,瀏覽照片
112020700237, 112/02/07 17:44,中山區(第一分隊),一分隊委外廠商(聖東),第一分隊/一分隊委外廠商(聖東),分OK-工班(高壓磚鬆動)(考評)(分隊工班)民權東路2段13號(原查報地點：(考評)(分隊工班)民權東路2段13號),八米以上, 112/03/24 17:44, 112/02/10 13:47,2.83,,溝蓋路邊緣石,觀察,1,否,廠商,結案,臨時修復：0 時，施工中：2 天，施工後：0 天，標線復原：58 天,瀏覽照片
112020700236, 112/02/07 17:43,中山區(第一分隊),一分隊委外廠商(聖東),第一分隊/一分隊委外廠商(聖東),分OK-工班(高壓磚鬆動)(考評)(分隊工班)民權東路2段15號(原查報地點：(考評)(分隊工班)民權東路2段15號),八米以上, 112/03/24 17:43, 112/02/10 13:45,2.83,,溝蓋路邊緣石,觀察,1,否,廠商,結案,臨時修復：0 時，施工中：2 天，施工後：0 天，標線復原：58 天,瀏覽照片
112020700235, 112/02/07 17:43,中山區(第一分隊),一分隊委外廠商(聖東),第一分隊/一分隊委外廠商(聖東),分OK-工班(高壓磚鬆動)(考評)(分隊工班)民權東路2段28號(原查報地點：(考評)(分隊工班)民權東路2段28號),八米以上, 112/03/24 17:43, 112/03/10 10:03,30.68,,溝蓋路邊緣石,觀察,1,否,廠商,結案,臨時修復：0 時，施工中：30 天，施工後：23 天，標線復原：30 天,瀏覽照片
112020700234, 112/02/07 17:42,中山區(第一分隊),一分隊委外廠商(聖東),第一分隊/一分隊委外廠商(聖東),分OK-工班(高壓磚鬆動)(考評)(分隊工班)民權東路2段29號(原查報地點：(考評)(分隊工班)民權東路2段29號),八米以上, 112/03/24 17:42, 112/02/13 10:16,5.69,,溝蓋路邊緣石,觀察,2,否,廠商,結案,臨時修復：0 時，施工中：5 天，施工後：0 天，標線復原：55 天,瀏覽照片
112020700233, 112/02/07 17:40,中山區(第一分隊),一分隊委外廠商(聖東),第一分隊/一分隊委外廠商(聖東),分OK-工班(高壓磚鬆動)(考評)(分隊工班)民權東路2段43號(原查報地點：(考評)(分隊工班)民權東路2段43號),八米以上, 112/03/24 17:40, 112/02/13 10:18,5.69,,溝蓋路邊緣石,觀察,5,否,廠商,結案,臨時修復：0 時，施工中：5 天，施工後：0 天，標線復原：55 天,瀏覽照片
112020700231, 112/02/07 17:39,中山區(第一分隊),一分隊委外廠商(聖東),第一分隊/一分隊委外廠商(聖東),分OK-工班(廣告看板移除)(考評)(分隊工班)民權東路2段69號(原查報地點：(考評)(分隊工班)民權東路2段69號),八米以上, 112/03/24 17:39, 112/02/13 10:20,5.69,,溝蓋路邊緣石,觀察,1,否,廠商,結案,臨時修復：0 時，施工中：62 天，施工後：0 天，標線復原：55 天,瀏覽照片
112020700230, 112/02/07 17:37,中山區(第一分隊),一分隊委外廠商(聖東),第一分隊/一分隊委外廠商(聖東),分OK-工班(高壓磚鬆動)(考評)(分隊工班)民權東路2段99號(原查報地點：(考評)(分隊工班)民權東路2段99號),八米以上, 112/03/24 17:37, 112/02/13 10:21,5.7,,溝蓋路邊緣石,觀察,1,否,廠商,結案,臨時修復：0 時，施工中：5 天，施工後：0 天，標線復原：55 天,瀏覽照片
112020700229, 112/02/07 17:35,中山區(第一分隊),一分隊委外廠商(聖東),第一分隊/一分隊委外廠商(聖東),分OK-工班(路緣石修復)(考評)(分隊工班)民權東路2段107號(原查報地點：(考評)(分隊工班)民權東路2段107號),八米以上, 112/03/24 17:35, 112/02/13 10:23,5.7,,溝蓋路邊緣石,觀察,1,否,廠商,結案,臨時修復：0 時，施工中：5 天，施工後：0 天，標線復原：55 天,瀏覽照片
112020700228, 112/02/07 17:34,中山區(第一分隊),一分隊委外廠商(聖東),第一分隊/一分隊委外廠商(聖東),分OK-工班(高壓磚鬆動)(考評)(分隊工班)民權東路2段107號(原查報地點：(考評)(分隊工班)民權東路2段107號),八米以上, 112/03/24 17:34, 112/02/13 10:24,5.7,,溝蓋路邊緣石,觀察,2,否,廠商,結案,臨時修復：0 時，施工中：5 天，施工後：0 天，標線復原：55 天,瀏覽照片
112020700227, 112/02/07 17:33,中山區(第一分隊),一分隊委外廠商(聖東),第一分隊/一分隊委外廠商(聖東),分OK-工班(高壓磚鬆動)(考評)(分隊工班)民生東路3段65號(原查報地點：(考評)(分隊工班)民生東路3段65號),八米以上, 112/03/24 17:33, 112/02/24 10:53,16.72,,溝蓋路邊緣石,觀察,1,否,廠商,結案,臨時修復：0 時，施工中：16 天，施工後：9 天，標線復原：44 天,瀏覽照片
112020700226, 112/02/07 17:32,中山區(第一分隊),一分隊委外廠商(聖東),第一分隊/一分隊委外廠商(聖東),分OK-工班(高壓磚鬆動)(考評)(分隊工班)民生東路3段65號(原查報地點：(考評)(分隊工班)),八米以上, 112/03/24 17:32, 112/02/24 10:52,16.72,,溝蓋路邊緣石,觀察,1,否,廠商,結案,臨時修復：0 時，施工中：16 天，施工後：9 天，標線復原：44 天,瀏覽照片
112020700225, 112/02/07 17:32,中山區(第一分隊),一分隊委外廠商(聖東),第一分隊/一分隊委外廠商(聖東),分OK-工班(高壓磚破損水泥抹平)(考評)(分隊工班)民生東路3段67號(原查報地點：(考評)(分隊工班)民生東路3段67號),八米以上, 112/03/24 17:32, 112/02/24 10:51,16.72,,溝蓋路邊緣石,觀察,1,否,廠商,結案,臨時修復：0 時，施工中：16 天，施工後：9 天，標線復原：44 天,瀏覽照片
112020700224, 112/02/07 17:31,中山區(第一分隊),一分隊委外廠商(聖東),第一分隊/一分隊委外廠商(聖東),分OK-工班(鑄鐵蓋板有裂縫空洞請工班用歷青補平)(考評)(分隊工班)民生東路3段67號(原查報地點：(考評)(分隊工班)民生東路3段67號),八米以上, 112/03/24 17:31, 112/02/10 09:42,2.67,,溝蓋路邊緣石,觀察,1,否,廠商,結案,臨時修復：0 時，施工中：2 天，施工後：0 天，標線復原：58 天,瀏覽照片
112020700223, 112/02/07 17:30,中山區(第一分隊),一分隊委外廠商(聖東),第一分隊/一分隊委外廠商(聖東),分OK-工班(高壓磚破損或鬆動)(考評)(分隊工班)民生東路3段67號(原查報地點：(考評)(分隊工班)民生東路3段67號),八米以上, 112/03/24 17:30, 112/02/24 10:50,16.72,,溝蓋路邊緣石,觀察,1,否,廠商,結案,臨時修復：0 時，施工中：16 天，施工後：9 天，標線復原：44 天,瀏覽照片
112020700222, 112/02/07 17:29,中山區(第一分隊),一分隊委外廠商(聖東),第一分隊/一分隊委外廠商(聖東),分OK-工班(高壓磚破損或鬆動)(考評)(分隊工班)民生東路3段71號(原查報地點：(考評)(分隊工班)民生東路3段71號),八米以上, 112/03/24 17:29, 112/02/24 10:48,16.72,,溝蓋路邊緣石,觀察,1,否,廠商,結案,臨時修復：0 時，施工中：16 天，施工後：9 天，標線復原：44 天,瀏覽照片
112020700221, 112/02/07 17:28,中山區(第一分隊),一分隊委外廠商(聖東),第一分隊/一分隊委外廠商(聖東),分OK-工班(高壓磚鬆動)(考評)(分隊工班)民生東路3段77號(原查報地點：(考評)(分隊工班)民生東路3段77號),八米以上, 112/03/24 17:28, 112/02/24 10:46,16.72,,溝蓋路邊緣石,觀察,1,否,廠商,結案,臨時修復：0 時，施工中：16 天，施工後：9 天，標線復原：44 天,瀏覽照片
112020700220, 112/02/07 17:27,中山區(第一分隊),一分隊委外廠商(聖東),第一分隊/一分隊委外廠商(聖東),分OK-(請管區開B單)(竄根)(考評)(公園處)民權東路2段1號(原查報地點：(考評)(公園處)民權東路2段1號),八米以上, 112/03/24 17:27, 112/02/23 10:07,15.69,,溝蓋路邊緣石,觀察,1,否,廠商,結案,臨時修復：0 時，施工中：15 天，施工後：8 天，標線復原：45 天,瀏覽照片
112020700219, 112/02/07 17:26,中山區(第一分隊),一分隊委外廠商(聖東),第一分隊/一分隊委外廠商(聖東),分OK-(請管區開B單)電箱塗鴉(考評)(台電)民權東路2段1號(原查報地點：(考評)(台電)民權東路2段1號),八米以上, 112/03/24 17:26, 112/02/20 15:43,12.93,,溝蓋路邊緣石,觀察,1,否,廠商,結案,臨時修復：0 時，施工中：62 天，施工後：5 天，標線復原：48 天,瀏覽照片
112020700218, 112/02/07 17:25,中山區(第一分隊),一分隊委外廠商(聖東),第一分隊/一分隊委外廠商(聖東),分OK-(請管區發函給私人停車場入口地磚鬆動改善)(考評)(管區發函停車場)民權東路2段3號(原查報地點：(考評)(管區發函停車場)民權東路2段3號),八米以上, 112/03/24 17:25, 112/03/07 16:24,27.96,,溝蓋路邊緣石,觀察,1,否,廠商,結案,臨時修復：0 時，施工中：62 天，施工後：20 天，標線復原：33 天,瀏覽照片
112020700217, 112/02/07 17:21,中山區(第一分隊),一分隊委外廠商(聖東),第一分隊/一分隊委外廠商(聖東),分OK-(請管區開B單)(考評)(瓦斯)民權東路2段5號(原查報地點：(考評)(瓦斯)民權東路2段5號),八米以上, 112/03/24 17:21, 112/02/16 17:21,9,,溝蓋路邊緣石,觀察,1,否,廠商,結案,臨時修復：0 時，施工中：62 天，施工後：1 天，標線復原：52 天,瀏覽照片
112020700216, 112/02/07 17:19,中山區(第一分隊),一分隊委外廠商(聖東),第一分隊/一分隊委外廠商(聖東),分OK-(請管區開B單)(考評)(交工處)民權東路2段21號(原查報地點：(考評)(交工處)民權東路2段21號),八米以上, 112/03/24 17:19, 112/02/16 17:31,9.01,,溝蓋路邊緣石,觀察,1,否,廠商,結案,臨時修復：0 時，施工中：62 天，施工後：1 天，標線復原：52 天,瀏覽照片
112020700214, 112/02/07 17:16,中山區(第一分隊),一分隊委外廠商(聖東),第一分隊/一分隊委外廠商(聖東),分OK-(請管區發函給建管處請建物所有權人改善)(考評)(建管處)民權東路2段53號(原查報地點：(考評)(建管處)民權東路2段53號),八米以上, 112/03/24 17:16, 112/03/01 17:26,22.01,,溝蓋路邊緣石,觀察,1,否,廠商,結案,臨時修復：0 時，施工中：21 天，施工後：14 天，標線復原：39 天,瀏覽照片
112020700213, 112/02/07 17:15,中山區(第一分隊),一分隊委外廠商(聖東),第一分隊/一分隊委外廠商(聖東),分OK-(請管區開B單)(考評)(中華電信)民權東路2段53號(原查報地點：(考評)(中華電信)民權東路2段53號),八米以上, 112/03/24 17:15, 112/02/20 15:45,12.94,,溝蓋路邊緣石,觀察,1,否,廠商,結案,臨時修復：0 時，施工中：62 天，施工後：5 天，標線復原：48 天,瀏覽照片
112020700212, 112/02/07 17:14,中山區(第一分隊),一分隊委外廠商(聖東),第一分隊/一分隊委外廠商(聖東),分OK-(請管區發函給斜坡認領人地磚鬆動改善)(考評)(管區發文修車廠)民權東路2段59號(原查報地點：(考評)(管區發文修車廠)民權東路2段59號),八米以上, 112/03/24 17:14, 112/03/07 16:16,27.96,,溝蓋路邊緣石,觀察,0,否,廠商,結案,臨時修復：0 時，施工中：62 天，施工後：20 天，標線復原：33 天,瀏覽照片
112020700211, 112/02/07 17:12,中山區(第一分隊),一分隊委外廠商(聖東),第一分隊/一分隊委外廠商(聖東),分OK-(請管區開B單)(竄根)(考評)(公園處)民權東路2段63號(原查報地點：(考評)(公園處)民權東路2段63號),八米以上, 112/03/24 17:12, 112/03/01 14:06,21.87,,溝蓋路邊緣石,觀察,1,否,廠商,結案,臨時修復：0 時，施工中：21 天，施工後：14 天，標線復原：39 天,瀏覽照片
112020700210, 112/02/07 17:10,中山區(第一分隊),一分隊委外廠商(聖東),第一分隊/一分隊委外廠商(聖東),分OK-(請管區開B單)標線脫漆(考評)(交工處)民權東路2段69號(原查報地點：(考評)(交工處)民權東路2段69號),八米以上, 112/03/24 17:10, 112/02/16 17:27,9.01,,溝蓋路邊緣石,觀察,1,否,廠商,結案,臨時修復：0 時，施工中：62 天，施工後：1 天，標線復原：52 天,瀏覽照片
112020700209, 112/02/07 17:09,中山區(第一分隊),一分隊委外廠商(聖東),第一分隊/一分隊委外廠商(聖東),分OK-(請管區開B單)(考評)(交工處)民權東路2段71巷口(原查報地點：(考評)(交工處)民權東路2段71巷口),八米以上, 112/03/24 17:09, 112/02/16 17:29,9.01,,溝蓋路邊緣石,觀察,1,否,廠商,結案,臨時修復：0 時，施工中：62 天，施工後：1 天，標線復原：52 天,瀏覽照片
112020700208, 112/02/07 17:07,中山區(第一分隊),一分隊委外廠商(聖東),第一分隊/一分隊委外廠商(聖東),分OK-(請管區開B單)(塗鴉)(考評)(台電)民權東路2段79號(原查報地點：(考評)(台電)民權東路2段79號),八米以上, 112/03/24 17:07, 112/02/20 15:42,12.94,,溝蓋路邊緣石,觀察,1,否,廠商,結案,臨時修復：0 時，施工中：62 天，施工後：5 天，標線復原：48 天,瀏覽照片
112020700207, 112/02/07 17:07,中山區(第一分隊),一分隊委外廠商(聖東),第一分隊/一分隊委外廠商(聖東),分OK-(請管區開B單)(考評)(瓦斯)民權東路2段79號(原查報地點：(考評)(瓦斯)民權東路2段79號),八米以上, 112/03/24 17:07, 112/02/16 17:23,9.01,,溝蓋路邊緣石,觀察,1,否,廠商,結案,臨時修復：0 時，施工中：62 天，施工後：1 天，標線復原：52 天,瀏覽照片
112020700206, 112/02/07 17:06,中山區(第一分隊),一分隊委外廠商(聖東),第一分隊/一分隊委外廠商(聖東),分OK-(請管區開B單)竄根(考評)(公園處)民權東路2段79號(原查報地點：(考評)(公園處)民權東路2段79號),八米以上, 112/03/24 17:06, 112/02/17 10:38,9.73,,溝蓋路邊緣石,觀察,1,否,廠商,結案,臨時修復：0 時，施工中：9 天，施工後：2 天，標線復原：51 天,瀏覽照片
112020700205, 112/02/07 17:04,中山區(第一分隊),一分隊委外廠商(聖東),第一分隊/一分隊委外廠商(聖東),分OK-(請管區開B單)(考評)(瓦斯)民權東路2段91號(原查報地點：(考評)(瓦斯)民權東路2段91號),八米以上, 112/03/24 17:04, 112/02/16 17:24,9.01,,溝蓋路邊緣石,觀察,1,否,廠商,結案,臨時修復：0 時，施工中：62 天，施工後：1 天，標線復原：52 天,瀏覽照片
112020700204, 112/02/07 17:03,中山區(第一分隊),一分隊委外廠商(聖東),第一分隊/一分隊委外廠商(聖東),分OK-(請管區開B單)(考評)(瓦斯)民權東路2段99號(原查報地點：(考評)(瓦斯)民權東路2段99號),八米以上, 112/03/24 17:03, 112/02/16 17:26,9.02,,溝蓋路邊緣石,觀察,1,否,廠商,結案,臨時修復：0 時，施工中：62 天，施工後：1 天，標線復原：52 天,瀏覽照片
112020700203, 112/02/07 17:02,中山區(第一分隊),一分隊委外廠商(聖東),第一分隊/一分隊委外廠商(聖東),分OK-(請管區開B單)樹穴補土(考評)(公園處)民權東路2段107號(原查報地點：(考評)(公園處)民權東路2段107號),八米以上, 112/03/24 17:02, 112/03/25 09:29,45.68,,溝蓋路邊緣石,觀察,1,否,廠商,結案,臨時修復：0 時，施工中：62 天，施工後：38 天，標線復原：15 天,瀏覽照片
112020700202, 112/02/07 17:01,中山區(第一分隊),一分隊委外廠商(聖東),第一分隊/一分隊委外廠商(聖東),分OK-(請管區開B單)(考評)(中華電信)民生東路3段63號(原查報地點：(考評)(中華電信)民生東路3段63號),八米以上, 112/03/24 17:01, 112/02/14 17:31,7.02,,溝蓋路邊緣石,觀察,1,否,廠商,結案,臨時修復：0 時，施工中：62 天，施工後：0 天，標線復原：54 天,瀏覽照片
112020700201, 112/02/07 17:00,中山區(第一分隊),一分隊委外廠商(聖東),第一分隊/一分隊委外廠商(聖東),分OK-(請管區開B單)(考評)(交工處)民生東路3段73巷口(原查報地點：(考評)(交工處)民生東路3段73巷口),八米以上, 112/03/24 17:00, 112/02/14 17:18,7.01,,溝蓋路邊緣石,觀察,1,否,廠商,結案,臨時修復：0 時，施工中：62 天，施工後：0 天，標線復原：54 天,瀏覽照片
112020700197, 112/02/07 16:58,中山區(第一分隊),一分隊委外廠商(聖東),第一分隊/一分隊委外廠商(聖東),分OK-(請管區開B單)號誌桿移至樹穴(考評)(停管處)民生東路3段75號(原查報地點：(考評)(停管處)民生東路3段75號),八米以上, 112/03/24 16:58, 112/02/14 17:27,7.02,,溝蓋路邊緣石,觀察,1,否,廠商,結案,臨時修復：0 時，施工中：62 天，施工後：0 天，標線復原：54 天,瀏覽照片
112020700194, 112/02/07 16:53,中山區(第一分隊),一分隊委外廠商(聖東),第一分隊/一分隊委外廠商(聖東),分OK-工班(高壓磚鬆動)(考評)(分隊工班)民權西路16號(原查報地點：(考評)(分隊工班)民權西路16號),八米以上, 112/03/24 16:53, 112/03/06 10:52,26.75,,溝蓋路邊緣石,觀察,1,否,廠商,結案,臨時修復：0 時，施工中：26 天，施工後：19 天，標線復原：34 天,瀏覽照片
112020700189, 112/02/07 16:52,中山區(第一分隊),一分隊委外廠商(聖東),第一分隊/一分隊委外廠商(聖東),分OK-工班(高壓磚鬆動)(考評)(分隊工班)民權西路48號(原查報地點：(考評)(分隊工班)民權西路48號),八米以上, 112/03/24 16:52, 112/03/06 10:51,26.75,,溝蓋路邊緣石,觀察,2,否,廠商,結案,臨時修復：0 時，施工中：26 天，施工後：19 天，標線復原：34 天,瀏覽照片
112020700186, 112/02/07 16:51,中山區(第一分隊),一分隊委外廠商(聖東),第一分隊/一分隊委外廠商(聖東),分OK-工班(高壓磚鬆動)(考評)(分隊工班)民權西路48號(原查報地點：(考評)(分隊工班)民權西路48號),八米以上, 112/03/24 16:51, 112/03/06 10:50,26.75,,溝蓋路邊緣石,觀察,1,否,廠商,結案,臨時修復：0 時，施工中：62 天，施工後：19 天，標線復原：34 天,瀏覽照片
112020700183, 112/02/07 16:50,中山區(第一分隊),一分隊委外廠商(聖東),第一分隊/一分隊委外廠商(聖東),分OK-工班(高壓磚鬆動)(考評)(分隊工班)民權西路54號(原查報地點：(考評)(分隊工班)民權西路54號),八米以上, 112/03/24 16:50, 112/03/06 10:47,26.75,,溝蓋路邊緣石,觀察,2,否,廠商,結案,臨時修復：0 時，施工中：26 天，施工後：19 天，標線復原：34 天,瀏覽照片
112020700180, 112/02/07 16:49,中山區(第一分隊),一分隊委外廠商(聖東),第一分隊/一分隊委外廠商(聖東),分OK-工班(高壓磚鬆動)(考評)(分隊工班)民權西路56-1號(原查報地點：(考評)(分隊工班)民權西路56-1號),八米以上, 112/03/24 16:49, 112/03/20 10:07,40.72,,溝蓋路邊緣石,觀察,1,否,廠商,結案,臨時修復：0 時，施工中：40 天，施工後：33 天，標線復原：20 天,瀏覽照片
112020700177, 112/02/07 16:48,中山區(第一分隊),一分隊委外廠商(聖東),第一分隊/一分隊委外廠商(聖東),分OK-工班(高壓磚鬆動)(考評)(分隊工班)民權西路56-1號(原查報地點：(考評)(分隊工班)民權西路56-1號),八米以上, 112/03/24 16:48, 112/03/06 10:46,26.75,,溝蓋路邊緣石,觀察,1,否,廠商,結案,臨時修復：0 時，施工中：26 天，施工後：19 天，標線復原：34 天,瀏覽照片
112020700175, 112/02/07 16:47,中山區(第一分隊),一分隊委外廠商(聖東),第一分隊/一分隊委外廠商(聖東),分OK-工班(高壓磚鬆動)(考評)(分隊工班)民權西路64號(原查報地點：(考評)(分隊工班)民權西路64號),八米以上, 112/03/24 16:47, 112/03/06 10:45,26.75,,溝蓋路邊緣石,觀察,2,否,廠商,結案,臨時修復：0 時，施工中：26 天，施工後：19 天，標線復原：34 天,瀏覽照片
112020700174, 112/02/07 16:46,中山區(第一分隊),一分隊委外廠商(聖東),第一分隊/一分隊委外廠商(聖東),分OK-工班(高壓磚鬆動)(考評)(分隊工班)民權西路66號(原查報地點：(考評)(分隊工班)民權西路66號),八米以上, 112/03/24 16:46, 112/03/06 10:44,26.75,,溝蓋路邊緣石,觀察,1,否,廠商,結案,臨時修復：0 時，施工中：26 天，施工後：19 天，標線復原：34 天,瀏覽照片
112020700173, 112/02/07 16:45,中山區(第一分隊),一分隊委外廠商(聖東),第一分隊/一分隊委外廠商(聖東),分OK-工班(高壓磚鬆動)(考評)(分隊工班)民權西路66號(原查報地點：(考評)(分隊工班)民權西路66號),八米以上, 112/03/24 16:45, 112/03/06 10:43,26.75,,溝蓋路邊緣石,觀察,1,否,廠商,結案,臨時修復：0 時，施工中：26 天，施工後：19 天，標線復原：34 天,瀏覽照片
112020700172, 112/02/07 16:44,中山區(第一分隊),一分隊委外廠商(聖東),第一分隊/一分隊委外廠商(聖東),分OK-工班(高壓磚鬆動)(考評)(分隊工班)民權西路68-3號(原查報地點：(考評)(分隊工班)民權西路68-3號),八米以上, 112/03/24 16:44, 112/03/06 10:39,26.75,,溝蓋路邊緣石,觀察,2,否,廠商,結案,臨時修復：0 時，施工中：26 天，施工後：19 天，標線復原：34 天,瀏覽照片
112020700171, 112/02/07 16:43,中山區(第一分隊),一分隊委外廠商(聖東),第一分隊/一分隊委外廠商(聖東),分OK-工班(高壓磚鬆動)(考評)(分隊工班)民權西路70號(原查報地點：(考評)(分隊工班)民權西路70號),八米以上, 112/03/24 16:43, 112/03/06 10:38,26.75,,溝蓋路邊緣石,觀察,1,否,廠商,結案,臨時修復：0 時，施工中：26 天，施工後：19 天，標線復原：34 天,瀏覽照片
112020700170, 112/02/07 16:41,中山區(第一分隊),一分隊委外廠商(聖東),第一分隊/一分隊委外廠商(聖東),分OK-工班(高壓磚鬆動及破損)(考評)(分隊工班)民權西路70號(原查報地點：(考評)(分隊工班)),八米以上, 112/03/24 16:41, 112/03/06 10:37,26.75,,溝蓋路邊緣石,觀察,1,否,廠商,結案,臨時修復：0 時，施工中：26 天，施工後：19 天，標線復原：34 天,瀏覽照片
112020700153, 112/02/07 16:10,中山區(第一分隊),一分隊委外廠商(聖東),第一分隊/一分隊委外廠商(聖東),分OK-工班(高壓磚鬆動)(考評)(分隊工班)中山北路2段24號(原查報地點：(考評)(分隊工班)中山北路2段24號),八米以上, 112/03/24 16:10, 112/02/17 10:16,9.75,,溝蓋路邊緣石,觀察,1,否,廠商,結案,臨時修復：0 時，施工中：9 天，施工後：2 天，標線復原：51 天,瀏覽照片
112020700152, 112/02/07 16:07,中山區(第一分隊),一分隊委外廠商(聖東),第一分隊/一分隊委外廠商(聖東),分OK-工班(路緣石水泥抹平修復)(考評)(分隊工班)中山北路2段24號(原查報地點：(考評)(分隊工班)中山北路2段24號),八米以上, 112/03/24 16:07, 112/02/15 10:53,7.78,,溝蓋路邊緣石,觀察,1,否,廠商,結案,臨時修復：0 時，施工中：7 天，施工後：0 天，標線復原：53 天,瀏覽照片
112020700150, 112/02/07 16:05,中山區(第一分隊),一分隊委外廠商(聖東),第一分隊/一分隊委外廠商(聖東),分OK-工班(人行道坑洞水泥抹平)(考評)(分隊工班)中山北路2段38號(原查報地點：(考評)(分隊工班)中山北路2段38號),八米以上, 112/03/24 16:05, 112/02/17 10:16,9.76,,溝蓋路邊緣石,觀察,1,否,廠商,結案,臨時修復：0 時，施工中：9 天，施工後：2 天，標線復原：51 天,瀏覽照片
112020700149, 112/02/07 16:03,中山區(第一分隊),一分隊委外廠商(聖東),第一分隊/一分隊委外廠商(聖東),分OK-工班(人行道高低差水泥抹平)(考評)(分隊工班)中山北路2段40號(原查報地點：(考評)(分隊工班)中山北路2段40號),八米以上, 112/03/24 16:03, 112/02/17 10:15,9.76,,溝蓋路邊緣石,觀察,1,否,廠商,結案,臨時修復：0 時，施工中：62 天，施工後：2 天，標線復原：51 天,瀏覽照片
112020700148, 112/02/07 16:01,中山區(第一分隊),一分隊委外廠商(聖東),第一分隊/一分隊委外廠商(聖東),分OK-工班(高壓磚鬆動)(考評)(分隊工班)中山北路2段40號(原查報地點：(考評)(分隊工班)中山北路2段40號),八米以上, 112/03/24 16:01, 112/02/17 10:13,9.76,,溝蓋路邊緣石,觀察,1,否,廠商,結案,臨時修復：0 時，施工中：9 天，施工後：2 天，標線復原：51 天,瀏覽照片
112020700067, 112/02/07 14:45,中山區(第一分隊),一分隊委外廠商(聖東),第一分隊/一分隊委外廠商(聖東),分OK-(請管區開B單)(考評)(交工處)南京西路15號(原查報地點：(考評)(交工處)南京西路15號),八米以上, 112/03/24 14:45, 112/03/21 09:23,41.78,,溝蓋路邊緣石,觀察,1,否,廠商,結案,臨時修復：0 時，施工中：62 天，施工後：34 天，標線復原：19 天,瀏覽照片
112020700066, 112/02/07 14:42,中山區(第一分隊),一分隊委外廠商(聖東),第一分隊/一分隊委外廠商(聖東),分OK-(請管區開B單)(考評)(台電)南京西路3號(原查報地點：(考評)(台電)南京西路3號),八米以上, 112/03/24 14:42, 112/03/21 09:27,41.78,,溝蓋路邊緣石,觀察,1,否,廠商,結案,臨時修復：0 時，施工中：62 天，施工後：34 天，標線復原：19 天,瀏覽照片
112020700065, 112/02/07 14:40,中山區(第一分隊),一分隊委外廠商(聖東),第一分隊/一分隊委外廠商(聖東),分OK-(請管區開B單)(考評)(瓦斯)南京西路3號(原查報地點：(考評)(瓦斯)南京西路3號),八米以上, 112/03/24 14:40, 112/03/17 10:29,37.83,,溝蓋路邊緣石,觀察,1,否,廠商,結案,臨時修復：0 時，施工中：62 天，施工後：30 天，標線復原：23 天,瀏覽照片
112020700064, 112/02/07 14:38,中山區(第一分隊),一分隊委外廠商(聖東),第一分隊/一分隊委外廠商(聖東),分OK-(請管區開B單)(考評)(台電)南京西路5號(原查報地點：(考評)(台電)南京西路5號),八米以上, 112/03/24 14:38, 112/03/21 09:29,41.78,,溝蓋路邊緣石,觀察,1,否,廠商,結案,臨時修復：0 時，施工中：62 天，施工後：34 天，標線復原：19 天,瀏覽照片
112020700058, 112/02/07 14:27,中山區(第一分隊),一分隊委外廠商(聖東),第一分隊/一分隊委外廠商(聖東),分OK-(請管區開B單)斷根(考評)(公園處)南京西路3號(原查報地點：(考評)(公園處)南京西路3號),八米以上, 112/03/24 14:27, 112/03/21 09:16,41.78,,溝蓋路邊緣石,觀察,1,否,廠商,結案,臨時修復：0 時，施工中：62 天，施工後：34 天，標線復原：19 天,瀏覽照片
112020700057, 112/02/07 14:26,中山區(第一分隊),一分隊委外廠商(聖東),第一分隊/一分隊委外廠商(聖東),分OK-(請管區開B單)樹穴補土2處(考評)(公園處)南京西路3號(原查報地點：(考評)(公園處)南京西路3號),八米以上, 112/03/24 14:26, 112/03/21 09:17,41.79,,溝蓋路邊緣石,觀察,1,否,廠商,結案,臨時修復：0 時，施工中：62 天，施工後：34 天，標線復原：19 天,瀏覽照片
112020700056, 112/02/07 14:25,中山區(第一分隊),一分隊委外廠商(聖東),第一分隊/一分隊委外廠商(聖東),分OK-(請管區開B單)斷根(考評)(公園處)南京西路3號(原查報地點：(考評)(公園處)南京西路3號),八米以上, 112/03/24 14:25, 112/03/21 09:17,41.79,,溝蓋路邊緣石,觀察,1,否,廠商,結案,臨時修復：0 時，施工中：62 天，施工後：34 天，標線復原：19 天,瀏覽照片
112020700055, 112/02/07 14:24,中山區(第一分隊),一分隊委外廠商(聖東),第一分隊/一分隊委外廠商(聖東),分OK-(請管區開B單)斷根(考評)(公園處)南京西路1號(原查報地點：(考評)(公園處)南京西路1號),八米以上, 112/03/24 14:24, 112/03/21 09:18,41.79,,溝蓋路邊緣石,觀察,1,否,廠商,結案,臨時修復：0 時，施工中：62 天，施工後：34 天，標線復原：19 天,瀏覽照片
112020700054, 112/02/07 14:23,中山區(第一分隊),一分隊委外廠商(聖東),第一分隊/一分隊委外廠商(聖東),分OK-(請管區開B單)(考評)(交工處)中山北路與南京西路交叉口(西北角)(原查報地點：(考評)(交工處)中山北路與南京西路交叉口(西北角)),八米以上, 112/03/24 14:23, 112/03/21 09:23,41.79,,溝蓋路邊緣石,觀察,1,否,廠商,結案,臨時修復：0 時，施工中：62 天，施工後：34 天，標線復原：19 天,瀏覽照片
112020700053, 112/02/07 14:21,中山區(第一分隊),一分隊委外廠商(聖東),第一分隊/一分隊委外廠商(聖東),分OK-(請管區開B單)(考評)(台智光)中山北路2段2號(原查報地點：(考評)(台智光)中山北路2段2號),八米以上, 112/03/24 14:21, 112/03/15 15:54,36.06,,溝蓋路邊緣石,觀察,1,否,廠商,結案,臨時修復：0 時，施工中：62 天，施工後：28 天，標線復原：25 天,瀏覽照片
112020700052, 112/02/07 14:20,中山區(第一分隊),一分隊委外廠商(聖東),第一分隊/一分隊委外廠商(聖東),分OK-(請管區開B單)(考評)(中華電信)中山北路2段4-3號(原查報地點：(考評)(中華電信)中山北路2段4-3號),八米以上, 112/03/24 14:20, 112/03/21 09:32,41.8,,溝蓋路邊緣石,觀察,1,否,廠商,結案,臨時修復：0 時，施工中：62 天，施工後：34 天，標線復原：19 天,瀏覽照片
112020700051, 112/02/07 14:18,中山區(第一分隊),一分隊委外廠商(聖東),第一分隊/一分隊委外廠商(聖東),分OK-(請管區開B單)塗鴉(考評)(台電)中山北路2段20號(原查報地點：(考評)(台電)中山北路2段20號),八米以上, 112/03/24 14:18, 112/03/21 09:29,41.8,,溝蓋路邊緣石,觀察,1,否,廠商,結案,臨時修復：0 時，施工中：62 天，施工後：34 天，標線復原：19 天,瀏覽照片
112020700049, 112/02/07 14:16,中山區(第一分隊),一分隊委外廠商(聖東),第一分隊/一分隊委外廠商(聖東),分OK-(請管區開B單)(考評)(中華電信)中山北路2段24號(原查報地點：(考評)(中華電信)中山北路2段24號),八米以上, 112/03/24 14:16, 112/03/21 09:31,41.8,,溝蓋路邊緣石,觀察,1,否,廠商,結案,臨時修復：0 時，施工中：62 天，施工後：34 天，標線復原：19 天,瀏覽照片
112020700048, 112/02/07 14:15,中山區(第一分隊),一分隊委外廠商(聖東),第一分隊/一分隊委外廠商(聖東),分OK-(請管區開B單)(考評)(公園處)中山北路2段36號(原查報地點：(考評)(公園處)中山北路2段36號),八米以上, 112/03/24 14:15, 112/03/21 09:18,41.79,,溝蓋路邊緣石,觀察,1,否,廠商,結案,臨時修復：0 時，施工中：62 天，施工後：34 天，標線復原：19 天,瀏覽照片
112020700047, 112/02/07 14:12,中山區(第一分隊),一分隊委外廠商(聖東),第一分隊/一分隊委外廠商(聖東),分OK-(請管區開B單)(考評)(交工處)中山北路2段42號(原查報地點：(考評)(交工處)中山北路2段42號),八米以上, 112/03/24 14:12, 112/03/21 09:21,41.8,,溝蓋路邊緣石,觀察,1,否,廠商,結案,臨時修復：0 時，施工中：62 天，施工後：34 天，標線復原：19 天,瀏覽照片
112020700046, 112/02/07 14:11,中山區(第一分隊),一分隊委外廠商(聖東),第一分隊/一分隊委外廠商(聖東),分OK-(請管區開B單)(考評)(交工處)中山北路2段42號(原查報地點：(考評)(交工處)中山北路2段42號),八米以上, 112/03/24 14:11, 112/03/21 09:22,41.8,,溝蓋路邊緣石,觀察,1,否,廠商,結案,臨時修復：0 時，施工中：62 天，施工後：34 天，標線復原：19 天,瀏覽照片
112020700045, 112/02/07 14:09,中山區(第一分隊),一分隊委外廠商(聖東),第一分隊/一分隊委外廠商(聖東),分OK-(請管區開B單)(考評)(交工處)中山北路2段44號(原查報地點：(考評)(交工處)中山北路2段44號),八米以上, 112/03/24 14:09, 112/03/21 09:22,41.8,,溝蓋路邊緣石,觀察,1,否,廠商,結案,臨時修復：0 時，施工中：62 天，施工後：34 天，標線復原：19 天,瀏覽照片
112020700044, 112/02/07 14:07,中山區(第一分隊),一分隊委外廠商(聖東),第一分隊/一分隊委外廠商(聖東),分OK-(請管區開B單)(考評)(水利處)中山北路2段44號(原查報地點：(考評)(水利處)中山北路2段44號),八米以上, 112/03/24 14:07, 112/03/21 09:25,41.8,,溝蓋路邊緣石,觀察,1,否,廠商,結案,臨時修復：0 時，施工中：62 天，施工後：34 天，標線復原：19 天,瀏覽照片
112020700043, 112/02/07 14:06,中山區(第一分隊),一分隊委外廠商(聖東),第一分隊/一分隊委外廠商(聖東),分OK-(請管區開B單)(考評)(交工處)中山北路2段44號(原查報地點：(考評)(交工處)中山北路2段44號),八米以上, 112/03/24 14:06, 112/03/21 09:20,41.8,,溝蓋路邊緣石,觀察,1,否,廠商,結案,臨時修復：0 時，施工中：62 天，施工後：34 天，標線復原：19 天,瀏覽照片
112020700042, 112/02/07 14:03,中山區(第一分隊),一分隊委外廠商(聖東),第一分隊/一分隊委外廠商(聖東),分OK-(請管區開B單)(考評)(中華電信)中山北路2段46號(原查報地點：(考評)(中華電信)中山北路2段46號),八米以上, 112/03/24 14:03, 112/03/21 09:31,41.81,,溝蓋路邊緣石,觀察,1,否,廠商,結案,臨時修復：0 時，施工中：62 天，施工後：34 天，標線復原：19 天,瀏覽照片
112020700041, 112/02/07 14:01,中山區(第一分隊),一分隊委外廠商(聖東),第一分隊/一分隊委外廠商(聖東),分OK-(請管區開B單)樹穴補土(考評)(公園處)中山北路2段52號(原查報地點：(考評)(公園處)中山北路2段52號),八米以上, 112/03/24 14:01, 112/03/21 09:13,41.8,,溝蓋路邊緣石,觀察,1,否,廠商,結案,臨時修復：0 時，施工中：62 天，施工後：34 天，標線復原：19 天,瀏覽照片
112020700040, 112/02/07 14:00,中山區(第一分隊),一分隊委外廠商(聖東),第一分隊/一分隊委外廠商(聖東),分OK-(請管區發函給建管處請建物所有權人改善)地磚破損(考評)(建管處)中山北路2段56號(原查報地點：(考評)(建管處)中山北路2段56號),八米以上, 112/03/24 14:00, 112/03/21 09:26,41.81,,溝蓋路邊緣石,觀察,1,否,廠商,結案,臨時修復：0 時，施工中：62 天，施工後：34 天，標線復原：19 天,瀏覽照片
112020700039, 112/02/07 13:58,中山區(第一分隊),一分隊委外廠商(聖東),第一分隊/一分隊委外廠商(聖東),分OK-(請管區開B單)(考評)(瓦斯)中山北路2段56號(原查報地點：(考評)(瓦斯)中山北路2段56號),八米以上, 112/03/24 13:58, 112/03/29 16:27,50.1,,溝蓋路邊緣石,觀察,1,否,廠商,結案,臨時修復：0 時，施工中：62 天，施工後：42 天，標線復原：11 天,瀏覽照片
112020700038, 112/02/07 13:54,中山區(第一分隊),一分隊委外廠商(聖東),第一分隊/一分隊委外廠商(聖東),分OK-(請管區開B單)(考評)(中華電信)中山北路2段66號(原查報地點：(考評)(中華電信)中山北路2段66號),八米以上, 112/03/24 13:54, 112/03/21 09:30,41.82,,溝蓋路邊緣石,觀察,1,否,廠商,結案,臨時修復：0 時，施工中：62 天，施工後：34 天，標線復原：19 天,瀏覽照片
112020700037, 112/02/07 13:52,中山區(第一分隊),一分隊委外廠商(聖東),第一分隊/一分隊委外廠商(聖東),分OK-(請管區發函給私人停車場入口地磚鬆動改善)(考評)(管區發函)中山北路2段68號(原查報地點：(考評)(管區發函)中山北路2段68號),八米以上, 112/03/24 13:52, 112/03/29 08:58,49.8,,溝蓋路邊緣石,觀察,1,否,廠商,結案,臨時修復：0 時，施工中：62 天，施工後：42 天，標線復原：11 天,瀏覽照片
112020700036, 112/02/07 13:49,中山區(第一分隊),一分隊委外廠商(聖東),第一分隊/一分隊委外廠商(聖東),分OK-(請管區開B單)(考評)(台電)中山北路2段72號(原查報地點：(考評)(台電)中山北路2段72號),八米以上, 112/03/24 13:49, 112/03/21 09:28,41.82,,溝蓋路邊緣石,觀察,1,否,廠商,結案,臨時修復：0 時，施工中：62 天，施工後：34 天，標線復原：19 天,瀏覽照片
112020700035, 112/02/07 13:48,中山區(第一分隊),一分隊委外廠商(聖東),第一分隊/一分隊委外廠商(聖東),分OK-(請管區開B單)(考評)(交工處)中山北路2段72號(原查報地點：(考評)(交工處)中山北路2段72號),八米以上, 112/03/24 13:48, 112/03/21 09:19,41.81,,溝蓋路邊緣石,觀察,1,否,廠商,結案,臨時修復：0 時，施工中：62 天，施工後：34 天，標線復原：19 天,瀏覽照片
112020700034, 112/02/07 13:46,中山區(第一分隊),一分隊委外廠商(聖東),第一分隊/一分隊委外廠商(聖東),分OK-(請管區開B單)塗鴉(考評)(台電)中山北路2段78-1號(原查報地點：(考評)(台電)中山北路2段78-1號),八米以上, 112/03/24 13:46, 112/03/21 09:28,41.82,,溝蓋路邊緣石,觀察,1,否,廠商,結案,臨時修復：0 時，施工中：62 天，施工後：34 天，標線復原：19 天,瀏覽照片
112020700033, 112/02/07 13:41,中山區(第一分隊),一分隊委外廠商(聖東),第一分隊/一分隊委外廠商(聖東),分OK-(請管區開B單)(考評)(公燈處)北安路387號-2(原查報地點：(考評)(公燈處)北安路387號-2),八米以上, 112/03/24 13:41, 112/03/21 13:02,41.97,,溝蓋路邊緣石,觀察,1,否,廠商,結案,臨時修復：0 時，施工中：62 天，施工後：34 天，標線復原：19 天,瀏覽照片
112020700032, 112/02/07 13:40,中山區(第一分隊),一分隊委外廠商(聖東),第一分隊/一分隊委外廠商(聖東),分OK-(請管區開B單)(考評)(交工處)北安路387號-1(原查報地點：(考評)(交工處)北安路387號-1),八米以上, 112/03/24 13:40, 112/03/21 13:01,41.97,,溝蓋路邊緣石,觀察,1,否,廠商,結案,臨時修復：0 時，施工中：62 天，施工後：34 天，標線復原：19 天,瀏覽照片
112020700031, 112/02/07 13:38,中山區(第一分隊),一分隊委外廠商(聖東),第一分隊/一分隊委外廠商(聖東),分OK-(請管區發函給維護科案件)(考評)(維護科)北安路416號對面-2(原查報地點：(考評)(維護科)北安路416號對面-2),八米以上, 112/03/24 13:38, 112/03/21 09:53,41.84,,溝蓋路邊緣石,觀察,1,否,廠商,結案,臨時修復：0 時，施工中：62 天，施工後：34 天，標線復原：19 天,瀏覽照片
112020700030, 112/02/07 13:36,中山區(第一分隊),一分隊委外廠商(聖東),第一分隊/一分隊委外廠商(聖東),分OK-(請管區發函給維護科案件)(考評)(維護科)北安路416號對面-1(原查報地點：(考評)(維護科)北安路416號對面-1),八米以上, 112/03/24 13:36, 112/03/21 09:59,41.85,,溝蓋路邊緣石,觀察,1,否,廠商,結案,臨時修復：0 時，施工中：62 天，施工後：34 天，標線復原：19 天,瀏覽照片
112020700029, 112/02/07 13:35,中山區(第一分隊),一分隊委外廠商(聖東),第一分隊/一分隊委外廠商(聖東),分OK-(請管區開B單)(考評)(交工處B單)崇實路與北安路口-2(原查報地點：(考評)(交工處B單)崇實路與北安路口-2),八米以上, 112/03/24 13:35, 112/03/21 13:00,41.98,,溝蓋路邊緣石,觀察,1,否,廠商,結案,臨時修復：0 時，施工中：62 天，施工後：34 天，標線復原：19 天,瀏覽照片
112020700028, 112/02/07 13:33,中山區(第一分隊),一分隊委外廠商(聖東),第一分隊/一分隊委外廠商(聖東),分OK-(請管區發函給共管科案件)(考評)(共管科B單)崇實路與北安路口-1(原查報地點：(考評)(共管科B單)崇實路與北安路口-1),八米以上, 112/03/24 13:33, 112/02/16 15:08,9.07,,溝蓋路邊緣石,觀察,2,否,廠商,結案,臨時修復：0 時，施工中：62 天，施工後：1 天，標線復原：52 天,瀏覽照片
112020700009, 112/02/07 10:16,中山區(第一分隊),一分隊委外廠商(聖東),第一分隊/一分隊委外廠商(聖東),分OK-(請管區發函給共管科案件)(考評)(共管科B單)崇實路139號-3(原查報地點：(考評)(共管科B單)崇實路139號-3),八米以上, 112/03/24 10:16, 112/03/21 14:27,42.17,,溝蓋路邊緣石,觀察,1,否,廠商,結案,臨時修復：0 時，施工中：62 天，施工後：34 天，標線復原：19 天,瀏覽照片
112020700008, 112/02/07 10:12,中山區(第一分隊),一分隊委外廠商(聖東),第一分隊/一分隊委外廠商(聖東),分OK-(請管區發函給共管科案件)(考評)(共管科B單)崇實路139號-2(原查報地點：(考評)(共管科B單)崇實路139號),八米以上, 112/03/24 10:12, 112/02/16 14:58,9.2,,溝蓋路邊緣石,觀察,2,否,廠商,結案,臨時修復：0 時，施工中：62 天，施工後：1 天，標線復原：52 天,瀏覽照片
112020700007, 112/02/07 10:07,中山區(第一分隊),一分隊委外廠商(聖東),第一分隊/一分隊委外廠商(聖東),分OK-(請管區發函給共管科案件)(考評)(共管科B單)崇實路139號-1(原查報地點：(考評)(共管科B單)崇實路139號),八米以上, 112/03/24 10:07, 112/02/16 14:55,9.2,,溝蓋路邊緣石,觀察,1,否,廠商,結案,臨時修復：0 時，施工中：62 天，施工後：1 天，標線復原：52 天,瀏覽照片
112020600093, 112/02/06 16:18,中山區(第一分隊委外),1999話務中心,[第一分隊]一分隊委外廠商(聖東),聖OK-(設施)(溝蓋鬆動)臺北市中山區北安里005鄰北安路805巷9號(原查報地點：臺北市中山區北安里005鄰北安路805巷9號),八米以上, 112/03/23 16:18, 112/03/23 16:05,44.99,2023020600211,溝蓋路邊緣石,立即改善,1,否,1999交辦案件,結案,臨時修復：0 時，施工中：44 天，施工後：36 天，標線復原：18 天,瀏覽照片
112020200158, 112/02/02 20:42,中山區(第一分隊委外),1999話務中心,[第一分隊]一分隊委外廠商(聖東),(聖東設施)聖OK-(溝蓋破損)臺北市中山區朱崙里009鄰遼寧街30號(原查報地點：臺北市中山區朱崙里009鄰遼寧街30號),八米以上, 112/03/19 20:42, 112/03/16 09:07,41.52,2023020200305,溝蓋路邊緣石,立即改善,1,否,1999交辦案件,結案,臨時修復：0 時，施工中：0 天，施工後：34 天，標線復原：24 天,瀏覽照片
112020200156, 112/02/02 19:56,中山區(第一分隊委外),1999話務中心,[第一分隊]一分隊委外廠商(聖東),(聖東設施)聖OK-(溝蓋破損)臺北市中山區朱崙里009鄰遼寧街30號(原查報地點：臺北市中山區朱崙里009鄰遼寧街30號),八米以上, 112/03/19 19:56, 112/03/16 09:06,41.55,2023020200280,溝蓋路邊緣石,立即改善,1,否,1999交辦案件,結案,臨時修復：0 時，施工中：0 天，施工後：34 天，標線復原：24 天,瀏覽照片
112020200153, 112/02/02 17:53,中山區(第一分隊委外),一分隊委外廠商(聖東),第一分隊/一分隊委外廠商(聖東),(聖東已修復)(聖東設施)建國北路1段146號(原查報地點：(聖東設施)建國北路1段146號),八米以上, 112/03/18 12:18, 112/03/06 12:32,3.01,,鋪面破損,短期改善,1,否,廠商,結案,臨時修復：0 時，施工中：67 天，施工後：21 天，標線復原：37 天,瀏覽照片
112020200150, 112/02/02 17:40,中山區(第一分隊委外),一分隊委外廠商(聖東),第一分隊/一分隊委外廠商(聖東),(聖東已修復)(聖東設施)建國北路1段48號(原查報地點：(聖東設施)建國北路1段48號),八米以上, 112/03/18 12:28, 112/03/06 12:33,3,,其他,觀察,1,否,廠商,結案,臨時修復：0 時，施工中：67 天，施工後：21 天，標線復原：37 天,瀏覽照片
112020200149, 112/02/02 17:35,中山區(第一分隊委外),一分隊委外廠商(聖東),第一分隊/一分隊委外廠商(聖東),(聖東設施)(聖東已修復)民權東路2段40號(原查報地點：(聖東設施)民權東路2段40號),八米以上, 112/03/16 12:10, 112/03/01 12:18,0.01,,鋪面鬆動,短期改善,1,否,廠商,結案,臨時修復：0 時，施工中：67 天，施工後：19 天，標線復原：39 天,瀏覽照片
112020200003, 112/02/02 08:58,中山區(第一分隊委外),一分隊委外廠商(聖東),第一分隊/一分隊委外廠商(聖東),(聖東標線)(聖東已修復)雙城街25巷2號對面(原查報地點：(聖東標線)雙城街25巷2號對面),八米以上, 112/03/17 12:16, 112/03/02 12:20,0,,其他,觀察,1,否,廠商,結案,臨時修復：0 時，施工中：67 天，施工後：20 天，標線復原：38 天,瀏覽照片
112020100232, 112/02/01 19:45,中山區(第一分隊),一分隊委外廠商(聖東),第一分隊/一分隊委外廠商(聖東),分OK-(請管區開B單)(考評-公園處b單)中山北路2段78-2號(原查報地點：(考評-公園處b單)中山北路2段78-2號),八米以上, 112/03/18 19:45, 112/03/21 09:19,47.57,,溝蓋路邊緣石,觀察,1,否,廠商,結案,臨時修復：0 時，施工中：0 天，施工後：40 天，標線復原：19 天,瀏覽照片
112020100230, 112/02/01 19:41,中山區(第一分隊),一分隊委外廠商(聖東),第一分隊/一分隊委外廠商(聖東),分OK-(請管區開B單)(公園處b單)中山北路2段90號(原查報地點：(公園處b單)中山北路2段90號),八米以上, 112/03/18 19:41, 112/02/21 13:45,19.75,,溝蓋路邊緣石,觀察,1,否,廠商,結案,臨時修復：0 時，施工中：0 天，施工後：12 天，標線復原：47 天,瀏覽照片
112020100228, 112/02/01 18:45,中山區(第一分隊),一分隊委外廠商(聖東),第一分隊/一分隊委外廠商(聖東),分OK-工班(新增軟式車阻桿蓋住空管洞孔)(考評-分隊工班)中山北路2段42號(原查報地點：(考評-分隊工班)中山北路2段42號),八米以上, 112/03/18 18:45, 112/03/01 15:25,27.86,,溝蓋路邊緣石,觀察,1,否,廠商,結案,臨時修復：0 時，施工中：68 天，施工後：20 天，標線復原：39 天,瀏覽照片
112020100227, 112/02/01 18:43,中山區(第一分隊),一分隊委外廠商(聖東),第一分隊/一分隊委外廠商(聖東),分OK-工班(人行道高低差水泥抹面修復)(考評-分隊工班)中山北路2段44號-2(原查報地點：(考評-分隊工班)中山北路2段44號-2),八米以上, 112/03/18 18:43, 112/02/17 10:11,15.64,,溝蓋路邊緣石,觀察,1,否,廠商,結案,臨時修復：0 時，施工中：0 天，施工後：8 天，標線復原：51 天,瀏覽照片
112020100226, 112/02/01 18:19,中山區(第一分隊),一分隊委外廠商(聖東),第一分隊/一分隊委外廠商(聖東),分OK-工班(路緣石修復)(考評-分隊工班)中山北路2段44號(原查報地點：(考評-分隊工班)中山北路2段44號),八米以上, 112/03/18 18:19, 112/02/16 10:07,14.66,,溝蓋路邊緣石,觀察,1,否,廠商,結案,臨時修復：0 時，施工中：0 天，施工後：7 天，標線復原：52 天,瀏覽照片
112020100225, 112/02/01 18:14,中山區(第一分隊),一分隊委外廠商(聖東),第一分隊/一分隊委外廠商(聖東),分OK-工班(水泥抹平地坪裂縫)(考評-分隊工班)中山北路2段46號-3(原查報地點：(考評-分隊工班)中山北路2段46號),八米以上, 112/03/18 18:14, 112/02/16 10:05,14.66,,溝蓋路邊緣石,觀察,1,否,廠商,結案,臨時修復：0 時，施工中：0 天，施工後：7 天，標線復原：52 天,瀏覽照片
112020100224, 112/02/01 18:11,中山區(第一分隊),一分隊委外廠商(聖東),第一分隊/一分隊委外廠商(聖東),分OK-工班(人行道破損水泥抹平)(考評-分隊工班)中山北路2段46號-2(原查報地點：(考評-分隊工班)中山北路2段46號),八米以上, 112/03/18 18:11, 112/02/16 10:06,14.66,,溝蓋路邊緣石,觀察,1,否,廠商,結案,臨時修復：0 時，施工中：0 天，施工後：7 天，標線復原：52 天,瀏覽照片
112020100223, 112/02/01 18:08,中山區(第一分隊),一分隊委外廠商(聖東),第一分隊/一分隊委外廠商(聖東),分OK-工班(高壓磚鬆動)(考評-分隊工班)中山北路2段46號(原查報地點：中山北路2段46號),八米以上, 112/03/18 18:08, 112/02/15 10:31,13.68,,溝蓋路邊緣石,觀察,1,否,廠商,結案,臨時修復：0 時，施工中：0 天，施工後：6 天，標線復原：53 天,瀏覽照片
112020100222, 112/02/01 18:06,中山區(第一分隊),一分隊委外廠商(聖東),第一分隊/一分隊委外廠商(聖東),分OK-工班(路緣石修復)(考評-分隊工班)中山北路2段48號(原查報地點：(考評-分隊工班)中山北路2段48號),八米以上, 112/03/18 18:06, 112/02/15 10:30,13.68,,溝蓋路邊緣石,觀察,1,否,廠商,結案,臨時修復：0 時，施工中：0 天，施工後：6 天，標線復原：53 天,瀏覽照片
112020100221, 112/02/01 17:49,中山區(第一分隊),一分隊委外廠商(聖東),第一分隊/一分隊委外廠商(聖東),分OK-工班(路緣石修復)(考評-分隊工班)中山北路2段50號(原查報地點：(考評-分隊工班)中山北路2段50號),八米以上, 112/03/18 17:49, 112/02/16 10:04,14.68,,溝蓋路邊緣石,觀察,1,否,廠商,結案,臨時修復：0 時，施工中：0 天，施工後：7 天，標線復原：52 天,瀏覽照片
112020100220, 112/02/01 17:47,中山區(第一分隊),一分隊委外廠商(聖東),第一分隊/一分隊委外廠商(聖東),分OK-工班(路緣石修復)(考評-分隊工班)中山北路2段52號(原查報地點：(考評-分隊工班)中山北路2段52號),八米以上, 112/03/18 17:47, 112/02/15 10:29,13.7,,溝蓋路邊緣石,觀察,1,否,廠商,結案,臨時修復：0 時，施工中：0 天，施工後：6 天，標線復原：53 天,瀏覽照片
112020100095, 112/02/01 14:57,中山區(第一分隊),一分隊委外廠商(聖東),第一分隊/一分隊委外廠商(聖東),分OK-工班(高壓磚鬆動)(考評-分隊工班)中山北路2段66號(原查報地點：(考評-分隊工班)中山北路2段66號),八米以上, 112/03/18 14:57, 112/02/15 10:29,13.81,,溝蓋路邊緣石,觀察,2,否,廠商,結案,臨時修復：0 時，施工中：0 天，施工後：6 天，標線復原：53 天,瀏覽照片
112020100094, 112/02/01 14:55,中山區(第一分隊),一分隊委外廠商(聖東),第一分隊/一分隊委外廠商(聖東),分OK-工班(高壓磚破損水泥抹平)(考評-分隊工班)中山北路2段68號(原查報地點：(考評-分隊工班)中山北路2段68號),八米以上, 112/03/18 14:55, 112/02/15 10:28,13.81,,溝蓋路邊緣石,觀察,2,否,廠商,結案,臨時修復：0 時，施工中：0 天，施工後：6 天，標線復原：53 天,瀏覽照片
112020100093, 112/02/01 14:52,中山區(第一分隊),一分隊委外廠商(聖東),第一分隊/一分隊委外廠商(聖東),分OK-工班(人行道裂縫水泥抹平)(考評-分隊工班)中山北路2段76號(原查報地點：(考評-分隊工班)中山北路2段76號),八米以上, 112/03/18 14:52, 112/02/15 10:27,13.82,,溝蓋路邊緣石,觀察,1,否,廠商,結案,臨時修復：0 時，施工中：0 天，施工後：6 天，標線復原：53 天,瀏覽照片
112020100092, 112/02/01 14:50,中山區(第一分隊),一分隊委外廠商(聖東),第一分隊/一分隊委外廠商(聖東),分OK-工班(高壓磚鬆動)(考評-分隊工班)中山北路2段78-1號(原查報地點：(考評-分隊工班)中山北路2段78-1號),八米以上, 112/03/18 14:50, 112/02/14 09:53,12.79,,溝蓋路邊緣石,觀察,1,否,廠商,結案,臨時修復：0 時，施工中：0 天，施工後：5 天，標線復原：54 天,瀏覽照片
112020100091, 112/02/01 14:48,中山區(第一分隊),一分隊委外廠商(聖東),第一分隊/一分隊委外廠商(聖東),分OK-工班(高壓磚鬆動)(考評-分隊工班)中山北路2段78-3號-1(原查報地點：(考評-分隊工班)中山北路2段78-3號-1),八米以上, 112/03/18 14:48, 112/02/14 09:52,12.79,,溝蓋路邊緣石,觀察,1,否,廠商,結案,臨時修復：0 時，施工中：0 天，施工後：5 天，標線復原：54 天,瀏覽照片
112020100089, 112/02/01 14:47,中山區(第一分隊),一分隊委外廠商(聖東),第一分隊/一分隊委外廠商(聖東),分OK-工班(高壓磚鬆動)(考評-分隊工班)中山北路2段78-3號(原查報地點：(考評-分隊工班)中山北路2段78-3號),八米以上, 112/03/18 14:47, 112/02/14 09:51,12.79,,溝蓋路邊緣石,觀察,1,否,廠商,結案,臨時修復：0 時，施工中：0 天，施工後：5 天，標線復原：54 天,瀏覽照片
112020100088, 112/02/01 14:45,中山區(第一分隊),一分隊委外廠商(聖東),第一分隊/一分隊委外廠商(聖東),分OK-工班(高壓磚鬆動)(考評-分隊工班)中山北路2段82號(原查報地點：(考評-分隊工班)中山北路2段82號),八米以上, 112/03/18 14:45, 112/02/14 09:48,12.79,,溝蓋路邊緣石,觀察,2,否,廠商,結案,臨時修復：0 時，施工中：0 天，施工後：5 天，標線復原：54 天,瀏覽照片
112020100086, 112/02/01 14:43,中山區(第一分隊),一分隊委外廠商(聖東),第一分隊/一分隊委外廠商(聖東),分OK-工班(瀝青臨補)(考評-分隊工班)中山北路2段84巷口(原查報地點：(考評-分隊工班)中山北路2段84巷口),八米以上, 112/03/18 14:43, 112/02/15 10:51,13.84,,溝蓋路邊緣石,觀察,1,否,廠商,結案,臨時修復：0 時，施工中：0 天，施工後：6 天，標線復原：53 天,瀏覽照片
112020100084, 112/02/01 14:37,中山區(第一分隊),一分隊委外廠商(聖東),第一分隊/一分隊委外廠商(聖東),分OK-工班(高壓磚鬆動)(考評-分隊工班)中山北路2段90號-1(原查報地點：(考評-分隊工班)中山北路2段90號-1),八米以上, 112/03/18 14:37, 112/02/15 10:26,13.83,,溝蓋路邊緣石,觀察,3,否,廠商,結案,臨時修復：0 時，施工中：0 天，施工後：6 天，標線復原：53 天,瀏覽照片
112020100083, 112/02/01 14:33,中山區(第一分隊),一分隊委外廠商(聖東),第一分隊/一分隊委外廠商(聖東),分OK-工班(路緣石修復)(考評-分隊工班)中山北路2段90號(原查報地點：(考評-分隊工班)中山北路2段90號),八米以上, 112/03/18 14:33, 112/02/14 09:47,12.8,,溝蓋路邊緣石,觀察,1,否,廠商,結案,臨時修復：0 時，施工中：0 天，施工後：5 天，標線復原：54 天,瀏覽照片
112020100048, 112/02/01 12:47,中山區(第一分隊),一分隊委外廠商(聖東),第一分隊/一分隊委外廠商(聖東),分OK-工班(人行道高壓磚鬆動)(考評-分隊工班)民權西路110號-1(原查報地點：(考評-分隊工班)民權西路110號),八米以上, 112/03/18 12:47, 112/03/01 14:25,28.07,,溝蓋路邊緣石,觀察,4,否,廠商,結案,臨時修復：0 時，施工中：0 天，施工後：20 天，標線復原：39 天,瀏覽照片
112020100047, 112/02/01 12:30,中山區(第一分隊委外),一分隊委外廠商(聖東),第一分隊/一分隊委外廠商(聖東),(聖東AC)(聖東已修復)北安路387號國防部海軍會客室(原查報地點：(聖東AC)北安路387號國防部海軍會客室),八米以上, 112/03/24 17:32, 112/03/09 17:43,0.01,,補綻及管線回填,短期改善,1,否,廠商,結案,臨時修復：0 時，施工中：68 天，施工後：28 天，標線復原：31 天,瀏覽照片
112020100042, 112/02/01 12:16,中山區(第一分隊委外),一分隊委外廠商(聖東),第一分隊/一分隊委外廠商(聖東),(聖東AC)(聖東已修復)敬業三路往北過植福路(原查報地點：(聖東AC)敬業三路往北過植福路),八米以上, 112/03/23 11:46, 112/03/08 12:10,0.02,,車轍,觀察,1,否,廠商,結案,臨時修復：0 時，施工中：68 天，施工後：27 天，標線復原：32 天,瀏覽照片
112020100041, 112/02/01 12:12,中山區(第一分隊),一分隊委外廠商(聖東),第一分隊/一分隊委外廠商(聖東),分OK-(請管區開B單)(考評-交工B單)崇實路127號對面(原查報地點：(考評-交工B單)崇實路127號對面),八米以上, 112/03/18 12:12, 112/03/16 13:33,43.06,,溝蓋路邊緣石,觀察,1,否,廠商,結案,臨時修復：0 時，施工中：0 天，施工後：35 天，標線復原：24 天,瀏覽照片
112020100039, 112/02/01 12:11,中山區(第一分隊),一分隊委外廠商(聖東),第一分隊/一分隊委外廠商(聖東),分OK-(請管區開B單)(考評-交工B單)崇實路127號對面(原查報地點：(考評-交工B單)崇實路127號對面),八米以上, 112/03/18 12:11, 112/03/20 10:01,46.91,,溝蓋路邊緣石,觀察,1,否,廠商,結案,臨時修復：0 時，施工中：0 天，施工後：39 天，標線復原：20 天,瀏覽照片
112020100037, 112/02/01 12:09,中山區(第一分隊),一分隊委外廠商(聖東),第一分隊/一分隊委外廠商(聖東),分OK-(請管區開B單)(考評-交工B單)崇實路127號(原查報地點：(考評-交工B單)崇實路127號),八米以上, 112/03/18 12:09, 112/03/20 09:57,46.91,,溝蓋路邊緣石,觀察,1,否,廠商,結案,臨時修復：0 時，施工中：0 天，施工後：39 天，標線復原：20 天,瀏覽照片
112020100025, 112/02/01 11:10,中山區(第一分隊委外),一分隊委外廠商(聖東),第一分隊/一分隊委外廠商(聖東),(自巡)(聖東已修復)基湖路151巷口本線側往東至基湖路151巷33號(原查報地點：(自巡)基湖路151巷口本線側往東至基湖路151巷33號),八米以上, 112/03/16 11:41, 112/03/01 12:15,0.02,,薄層剝離,觀察,1,否,廠商,結案,臨時修復：0 時，施工中：68 天，施工後：20 天，標線復原：39 天,瀏覽照片
112020100017, 112/02/01 11:04,中山區(第一分隊委外),一分隊委外廠商(聖東),第一分隊/一分隊委外廠商(聖東),(聖東AC)(聖東已修復)樂群二路266巷28號(原查報地點：(聖東AC)樂群二路266巷28號),八米以上, 112/03/23 11:43, 112/03/08 12:09,0.02,,薄層剝離,短期改善,1,否,廠商,結案,臨時修復：0 時，施工中：68 天，施工後：27 天，標線復原：32 天,瀏覽照片
112020100014, 112/02/01 10:50,中山區(第一分隊委外),一分隊委外廠商(聖東),第一分隊/一分隊委外廠商(聖東),(考評)(聖東已修復)北安路387號國防部空軍司令部門口前(原查報地點：(考評)北安路387號國防部空軍司令部門口前),八米以上, 112/03/05 12:41, 112/02/18 12:53,0.01,,龜裂,短期改善,1,否,廠商,結案,臨時修復：0 時，施工中：68 天，施工後：9 天，標線復原：50 天,瀏覽照片
112013100123, 112/01/31 16:51,中山區(第一分隊),一分隊委外廠商(聖東),第一分隊/一分隊委外廠商(聖東),分OK-(請管區發函給共管科案件)(考評-共管科B單)崇實路127號(原查報地點：(考評-共管科B單)崇實路127號),八米以上, 112/03/17 16:51, 112/02/16 15:11,15.93,,縱向及橫向裂縫,觀察,2,否,廠商,結案,臨時修復：0 時，施工中：0 天，施工後：8 天，標線復原：52 天,瀏覽照片
112013100122, 112/01/31 16:48,中山區(第一分隊),一分隊委外廠商(聖東),第一分隊/一分隊委外廠商(聖東),分OK-(請管區發函給共管科案件)(考評-共管科B單)崇實路129號(原查報地點：(考評-共管科B單)崇實路129號),八米以上, 112/03/17 16:48, 112/02/16 15:01,15.93,,縱向及橫向裂縫,觀察,2,否,廠商,結案,臨時修復：0 時，施工中：0 天，施工後：8 天，標線復原：52 天,瀏覽照片
112013100121, 112/01/31 16:43,中山區(第一分隊),一分隊委外廠商(聖東),第一分隊/一分隊委外廠商(聖東),分OK-(請管區發函給共管科案件)(考評-共管科B單)崇實路135號(原查報地點：(考評-共管科B單)崇實路135號),八米以上, 112/03/17 16:43, 112/02/16 15:12,15.94,,縱向及橫向裂縫,觀察,1,否,廠商,結案,臨時修復：0 時，施工中：0 天，施工後：8 天，標線復原：52 天,瀏覽照片
112013100119, 112/01/31 16:41,中山區(第一分隊),一分隊委外廠商(聖東),第一分隊/一分隊委外廠商(聖東),分OK-(請管區發函給共管科案件)(考評-共管科B單)崇實路139號(原查報地點：(考評-共管科B單)崇實路139號),八米以上, 112/03/17 16:41, 112/02/16 15:05,15.93,,縱向及橫向裂縫,觀察,1,否,廠商,結案,臨時修復：0 時，施工中：0 天，施工後：8 天，標線復原：52 天,瀏覽照片
112013100114, 112/01/31 16:38,中山區(第一分隊),一分隊委外廠商(聖東),第一分隊/一分隊委外廠商(聖東),分OK-(請管區開B單)(考評-交工B單)崇實路79號與大直街62巷5弄交叉口(原查報地點：(考評-交工B單)崇實路79號與大直街62巷5弄交叉口),八米以上, 112/03/17 16:38, 112/02/10 16:22,9.99,,溝蓋路邊緣石,觀察,2,否,廠商,結案,臨時修復：0 時，施工中：0 天，施工後：2 天，標線復原：58 天,瀏覽照片
112013100098, 112/01/31 16:32,中山區(第一分隊),一分隊委外廠商(聖東),第一分隊/一分隊委外廠商(聖東),分OK-(請管區開B單)分OK-(請管區開B單)(考評-交工B單)大直街70號(原查報地點：(考評-交工B單)大直街70號),八米以上, 112/03/17 16:32, 112/02/10 16:20,9.99,,溝蓋路邊緣石,觀察,2,否,廠商,結案,臨時修復：0 時，施工中：69 天，施工後：2 天，標線復原：58 天,瀏覽照片
112013100092, 112/01/31 16:28,中山區(第一分隊),一分隊委外廠商(聖東),第一分隊/一分隊委外廠商(聖東),分OK-工班(路緣石裂縫水泥抹平修復)(考評-分隊工班)崇實路127號對面-1(原查報地點：(考評-分隊工班)崇實路127號對面-1),八米以上, 112/03/17 16:28, 112/02/09 10:07,8.74,,溝蓋路邊緣石,觀察,1,否,廠商,結案,臨時修復：0 時，施工中：0 天，施工後：1 天，標線復原：59 天,瀏覽照片
112013100047, 112/01/31 15:30,中山區(第一分隊),一分隊委外廠商(聖東),第一分隊/一分隊委外廠商(聖東),分OK-工班(警示磚裂縫水泥抹平修復)(考評-分隊工班)崇實路與大直街20巷交叉口(原查報地點：(考評-分隊工班)崇實路與大直街20巷交叉口),八米以上, 112/03/17 15:30, 112/02/03 09:50,2.76,,溝蓋路邊緣石,觀察,1,否,廠商,結案,臨時修復：0 時，施工中：0 天，施工後：0 天，標線復原：65 天,瀏覽照片
112013100046, 112/01/31 15:16,中山區(第一分隊),一分隊委外廠商(聖東),第一分隊/一分隊委外廠商(聖東),分OK-工班(路緣石修復)(考評-分隊工班)崇實路127號對面-2(原查報地點：(考評-分隊工班)崇實路127號對面-1),八米以上, 112/03/17 15:16, 112/02/03 09:52,2.77,,溝蓋路邊緣石,觀察,1,否,廠商,結案,臨時修復：0 時，施工中：0 天，施工後：0 天，標線復原：65 天,瀏覽照片
112013100042, 112/01/31 14:47,中山區(第一分隊),一分隊委外廠商(聖東),第一分隊/一分隊委外廠商(聖東),分OK-工班(人行道裂縫水泥抹平)(考評-分隊工班)崇實路127號-2(原查報地點：(考評-分隊工班)崇實路127號-2),八米以上, 112/03/17 14:47, 112/02/03 09:53,2.8,,溝蓋路邊緣石,觀察,1,否,廠商,結案,臨時修復：0 時，施工中：0 天，施工後：0 天，標線復原：65 天,瀏覽照片
112013100040, 112/01/31 14:38,中山區(第一分隊),一分隊委外廠商(聖東),第一分隊/一分隊委外廠商(聖東),分OK-工班(人行道裂縫破損水泥抹平)(考評-分隊工班)崇實路127號-1(原查報地點：(考評-分隊工班)崇實路127號),八米以上, 112/03/17 14:38, 112/02/03 09:55,2.8,,溝蓋路邊緣石,觀察,2,否,廠商,結案,臨時修復：0 時，施工中：0 天，施工後：0 天，標線復原：65 天,瀏覽照片
112013100039, 112/01/31 14:34,中山區(第一分隊),一分隊委外廠商(聖東),第一分隊/一分隊委外廠商(聖東),分OK-工班(人行道高壓磚破損)(考評-分隊工班)大直街70號(原查報地點：(考評-分隊工班)大直街70號),八米以上, 112/03/17 14:34, 112/02/03 09:56,2.81,,溝蓋路邊緣石,觀察,1,否,廠商,結案,臨時修復：0 時，施工中：0 天，施工後：0 天，標線復原：65 天,瀏覽照片
112013000190, 112/01/30 20:27,中山區(第一分隊委外),一分隊委外廠商(聖東),第一分隊/一分隊委外廠商(聖東),(聖東AC)(聖東已修復)新生北路1段與林森北路119巷交叉口(原查報地點：(聖東AC)新生北路1段與林森北路119巷交叉口),八米以上, 112/03/05 12:39, 112/02/18 12:53,0.01,,薄層剝離,觀察,1,否,廠商,結案,臨時修復：0 時，施工中：70 天，施工後：11 天，標線復原：50 天,瀏覽照片
112013000179, 112/01/30 19:30,中山區(第一分隊委外),一分隊委外廠商(聖東),第一分隊/一分隊委外廠商(聖東),(聖東AC)(聖東已修復)新生北路2段141號(原查報地點：(聖東AC)新生北路2段141號),八米以上, 112/03/02 11:19, 112/02/15 11:21,0,,龜裂,短期改善,1,否,廠商,結案,臨時修復：0 時，施工中：70 天，施工後：8 天，標線復原：53 天,瀏覽照片
112012800001, 112/01/28 09:38,中山區(第一分隊委外),1999話務中心,[第一分隊]一分隊委外廠商(聖東),聖OK-(設施)(大直橋(原查報地點：大直橋),八米以上, 112/03/14 09:38, 112/02/02 18:00,5.35,2023012800041,溝蓋路邊緣石,立即改善,1,否,1999交辦案件,結案,臨時修復：0 時，施工中：0 天，施工後：0 天，標線復原：66 天,瀏覽照片
112011900119, 112/01/19 17:20,中山區(第一分隊),一分隊委外廠商(聖東),第一分隊/一分隊委外廠商(聖東),分OK-(請管區發函給建管處請建商改善)(工地建損)長春路163巷2號(原查報地點：(建損)長春路163巷2號),八米以下, 112/03/05 17:20, 112/02/08 15:54,19.94,,縱向及橫向裂縫,短期改善,1,否,廠商,結案,臨時修復：0 時，施工中：0 天，施工後：12 天，標線復原：60 天,瀏覽照片
112011900063, 112/01/19 11:21,中山區(第一分隊委外),一分隊委外廠商(聖東),第一分隊/一分隊委外廠商(聖東),(聖東已修復)林森北路133巷59-65號(原查報地點：林森北路133巷59-65號),八米以下, 112/03/24 20:31, 112/02/13 13:22,5.7,,溝蓋路邊緣石,觀察,1,否,廠商,結案,臨時修復：0 時，施工中：0 天，施工後：11 天，標線復原：61 天,瀏覽照片
112011900060, 112/01/19 10:45,中山區(第一分隊委外),1999話務中心,[第一分隊]一分隊委外廠商(聖東),聖OK-(溝蓋破損)10491台灣台北市中山區華陰街24巷3弄1號(原查報地點：10491台灣台北市中山區華陰街24巷3弄1號),八米以上, 112/03/05 10:45, 112/03/02 11:36,42.03,2023011900114,溝蓋路邊緣石,立即改善,1,否,1999交辦案件,結案,臨時修復：0 時，施工中：0 天，施工後：34 天，標線復原：38 天,瀏覽照片
112011800146, 112/01/18 18:46,中山區(第一分隊委外),1999話務中心,[第一分隊]一分隊委外廠商(聖東),(聖-OK)濱江街與大直橋的交接處(原查報地點：濱江街與大直橋的交接處),八米以上, 112/03/04 18:46, 112/02/02 18:00,14.97,2023011800496,溝蓋路邊緣石,立即改善,1,否,1999交辦案件,結案,臨時修復：0 時，施工中：0 天，施工後：7 天，標線復原：66 天,瀏覽照片
112011700024, 112/01/17 10:50,中山區(第一分隊委外),1999話務中心,[第一分隊]一分隊委外廠商(聖東),聖OK-(溝蓋破損)10491台灣台北市中山區通北街67號(原查報地點：10491台灣台北市中山區通北街67號),八米以上, 112/03/03 10:50, 112/03/01 18:00,43.3,2023011700115,溝蓋路邊緣石,立即改善,1,否,1999交辦案件,結案,臨時修復：0 時，施工中：0 天，施工後：35 天，標線復原：39 天,瀏覽照片
112011704794, 112/01/17 00:00,中山區(第一分隊委外),中山巡,第一分隊/一分隊委外廠商(聖東),(聖東已修復)(聖東設施)長安東路1段19號(原查報地點：中山區長安東路1段19號),八米以上, 112/03/18 10:47, 112/03/06 12:32,3.07,中山巡1120104303,鋪面鬆動,觀察,1,否,廠商,結案,臨時修復：0 時，施工中：83 天，施工後：37 天，標線復原：37 天,瀏覽照片
112011706755, 112/01/17 00:00,中山區(第一分隊委外),中山巡,第一分隊/一分隊委外廠商(聖東),(聖東已修復)(聖東設施)民生西路52號(原查報地點：中山區民生西路52號),八米以上, 112/03/18 12:03, 112/03/06 12:31,3.02,中山巡1120104254,鋪面鬆動,觀察,1,否,廠商,結案,臨時修復：0 時，施工中：83 天，施工後：37 天，標線復原：37 天,瀏覽照片
112011709792, 112/01/17 00:00,中山區(第一分隊委外),中山巡,第一分隊/一分隊委外廠商(聖東),(聖東已修復)(聖東設施)中山北路1段83巷7-11號(原查報地點：中山區中山北路1段83巷7-11號),八米以上, 112/03/18 10:41, 112/03/08 12:13,5.06,中山巡1120104351,鋪面破損,觀察,1,否,廠商,結案,臨時修復：0 時，施工中：83 天，施工後：37 天，標線復原：37 天,瀏覽照片
112011704542, 112/01/17 00:00,中山區(第一分隊委外),中山巡,第一分隊/一分隊委外廠商(聖東),(聖東設施)(聖東已修復)長安東路1段23號-3(原查報地點：中山區長安東路1段23號),八米以上, 112/03/02 11:05, 112/02/18 12:53,3.07,中山巡1120104300,鋪面破損,觀察,1,否,廠商,結案,臨時修復：0 時，施工中：83 天，施工後：21 天，標線復原：53 天,瀏覽照片
112011704549, 112/01/17 00:00,中山區(第一分隊委外),中山巡,第一分隊/一分隊委外廠商(聖東),(聖東設施)(聖東已修復)長安東路1段19號-(天津街本線上)(原查報地點：中山區長安東路1段19號),八米以上, 112/03/02 11:07, 112/02/18 12:52,3.07,中山巡1120104302,鋪面破損,觀察,1,否,廠商,結案,臨時修復：0 時，施工中：83 天，施工後：21 天，標線復原：53 天,瀏覽照片
112011709795, 112/01/17 00:00,中山區(第一分隊委外),中山巡,第一分隊/一分隊委外廠商(聖東),(聖東已修復)(聖東設施)中山北路1段105巷9~11號(原查報地點：中山區中山北路1段105巷11號),八米以上, 112/03/18 10:38, 112/03/06 12:30,3.08,中山巡1120104352,鋪面鬆動,觀察,1,否,廠商,結案,臨時修復：0 時，施工中：83 天，施工後：37 天，標線復原：37 天,瀏覽照片
112011709995, 112/01/17 00:00,中山區(第一分隊委外),中山巡,第一分隊/一分隊委外廠商(聖東),(聖東已修復)(聖東設施)南京西路2號(原查報地點：中山區南京西路2號),八米以上, 112/03/18 10:56, 112/03/06 12:29,3.06,中山巡1120104256,孔蓋周邊破損,觀察,1,否,廠商,結案,臨時修復：0 時，施工中：83 天，施工後：37 天，標線復原：37 天,瀏覽照片
112011706542, 112/01/17 00:00,中山區(第一分隊委外),中山巡,第一分隊/一分隊委外廠商(聖東),(聖東設施)(聖東已修復)中山北路1段105巷13-3號(原查報地點：中山區中山北路1段105巷13-3號),八米以上, 112/03/05 12:36, 112/03/01 10:29,10.91,中山巡1120104353,鋪面破損,觀察,1,否,廠商,結案,臨時修復：0 時，施工中：83 天，施工後：24 天，標線復原：50 天,瀏覽照片
112011704530, 112/01/17 00:00,中山區(第一分隊委外),中山巡,第一分隊/一分隊委外廠商(聖東),(聖東已修復)(聖東設施)天津街33號(原查報地點：中山區天津街33號),八米以上, 112/03/18 10:53, 112/03/06 12:30,3.07,中山巡1120104297,鋪面鬆動,觀察,1,否,廠商,結案,臨時修復：0 時，施工中：83 天，施工後：37 天，標線復原：37 天,瀏覽照片
112011600003, 112/01/16 10:03,中山區(第一分隊委外),1999話務中心,[第一分隊]一分隊委外廠商(聖東),(聖東設施)(聖-OK)104台灣台北市中山區民權東路二段94-2號(原查報地點：104台灣台北市中山區民權東路二段94-2號),八米以上, 112/03/02 10:03, 112/02/02 18:00,17.33,2023011600085,溝蓋路邊緣石,立即改善,1,否,1999交辦案件,結案,臨時修復：0 時，施工中：0 天，施工後：9 天，標線復原：66 天,瀏覽照片
112011500053, 112/01/15 18:22,中山區(第一分隊委外),一分隊委外廠商(聖東),第一分隊/一分隊委外廠商(聖東),聖東-OK(考評)民權東路2段43號-2(原查報地點：(考評)民權東路2段43號-2),八米以上, 112/03/01 18:22, ,,,溝蓋路邊緣石,觀察,0,否,廠商,結案,臨時修復：0 時，施工中：0 天，施工後：78 天，標線復原：76 天,瀏覽照片
112011500052, 112/01/15 18:21,中山區(第一分隊委外),一分隊委外廠商(聖東),第一分隊/一分隊委外廠商(聖東),(聖東已修復)聖東-OK(考評)民權東路2段43號-1(原查報地點：(考評)民權東路2段43號-1),八米以上, 112/03/01 18:21, 112/03/01 18:00,44.98,,溝蓋路邊緣石,觀察,1,否,廠商,結案,臨時修復：0 時，施工中：85 天，施工後：16 天，標線復原：60 天,瀏覽照片
112011500050, 112/01/15 18:12,中山區(第一分隊委外),一分隊委外廠商(聖東),第一分隊/一分隊委外廠商(聖東),聖東-OK(考評)民權東路2段55號(原查報地點：(考評)民權東路2段55號),八米以上, 112/03/01 18:12, ,,,溝蓋路邊緣石,觀察,0,否,廠商,結案,臨時修復：0 時，施工中：17 天，施工後：78 天，標線復原：76 天,瀏覽照片
112011500049, 112/01/15 18:11,中山區(第一分隊委外),一分隊委外廠商(聖東),第一分隊/一分隊委外廠商(聖東),聖東-OK(考評)民權東路2段57號(原查報地點：(考評)民權東路2段57號),八米以上, 112/03/01 18:11, ,,,溝蓋路邊緣石,觀察,0,否,廠商,結案,臨時修復：0 時，施工中：0 天，施工後：78 天，標線復原：76 天,瀏覽照片
112011500048, 112/01/15 18:08,中山區(第一分隊委外),一分隊委外廠商(聖東),第一分隊/一分隊委外廠商(聖東),聖東-OK(考評)民權東路2段71巷口-2(原查報地點：(考評)民權東路2段71巷口-2),八米以上, 112/03/01 18:08, ,,,溝蓋路邊緣石,觀察,0,否,廠商,結案,臨時修復：0 時，施工中：0 天，施工後：78 天，標線復原：76 天,瀏覽照片
112011500047, 112/01/15 18:07,中山區(第一分隊委外),一分隊委外廠商(聖東),第一分隊/一分隊委外廠商(聖東),聖東-OK(考評)民權東路2段71巷口-1(原查報地點：(考評)民權東路2段71號),八米以上, 112/03/01 18:07, ,,,溝蓋路邊緣石,觀察,0,否,廠商,結案,臨時修復：0 時，施工中：0 天，施工後：78 天，標線復原：76 天,瀏覽照片
112011500046, 112/01/15 18:04,中山區(第一分隊委外),一分隊委外廠商(聖東),第一分隊/一分隊委外廠商(聖東),聖東-OK(考評)民權東路2段73號-3(原查報地點：(考評)民權東路2段73號),八米以上, 112/03/01 18:04, ,,,溝蓋路邊緣石,觀察,0,否,廠商,結案,臨時修復：0 時，施工中：0 天，施工後：78 天，標線復原：76 天,瀏覽照片
112011500045, 112/01/15 18:03,中山區(第一分隊委外),一分隊委外廠商(聖東),第一分隊/一分隊委外廠商(聖東),聖東-OK(考評)民權東路2段73號-2(原查報地點：(考評)民權東路2段73),八米以上, 112/03/01 18:03, ,,,溝蓋路邊緣石,觀察,0,否,廠商,結案,臨時修復：0 時，施工中：0 天，施工後：78 天，標線復原：76 天,瀏覽照片
112011500044, 112/01/15 18:02,中山區(第一分隊委外),一分隊委外廠商(聖東),第一分隊/一分隊委外廠商(聖東),聖東-OK(考評)民權東路2段73號-1(原查報地點：(考評)民權東路2段73號),八米以上, 112/03/01 18:02, ,,,溝蓋路邊緣石,觀察,0,否,廠商,結案,臨時修復：0 時，施工中：0 天，施工後：78 天，標線復原：76 天,瀏覽照片
112011500043, 112/01/15 18:01,中山區(第一分隊委外),一分隊委外廠商(聖東),第一分隊/一分隊委外廠商(聖東),聖東-OK(考評)民權東路2段75號(原查報地點：(考評)民權東路2段75號),八米以上, 112/03/01 18:01, ,,,溝蓋路邊緣石,觀察,0,否,廠商,結案,臨時修復：0 時，施工中：0 天，施工後：78 天，標線復原：76 天,瀏覽照片
112011500042, 112/01/15 18:01,中山區(第一分隊委外),一分隊委外廠商(聖東),第一分隊/一分隊委外廠商(聖東),聖東-OK(考評)民生東路3段55號(原查報地點：(考評)民生東路3段55號),八米以上, 112/03/01 18:01, ,,,溝蓋路邊緣石,觀察,0,否,廠商,結案,臨時修復：0 時，施工中：0 天，施工後：78 天，標線復原：76 天,瀏覽照片
112011500038, 112/01/15 17:59,中山區(第一分隊委外),一分隊委外廠商(聖東),第一分隊/一分隊委外廠商(聖東),聖東-OK(考評)民生東路3段69號(原查報地點：(考評)民生東路3段69號),八米以上, 112/03/01 17:59, ,,,溝蓋路邊緣石,觀察,0,否,廠商,結案,臨時修復：0 時，施工中：0 天，施工後：78 天，標線復原：76 天,瀏覽照片
112011500037, 112/01/15 17:59,中山區(第一分隊委外),一分隊委外廠商(聖東),第一分隊/一分隊委外廠商(聖東),聖東-OK(考評)民生東路3段77號(原查報地點：(考評)民生東路3段77號),八米以上, 112/03/01 17:59, ,,,溝蓋路邊緣石,觀察,0,否,廠商,結案,臨時修復：0 時，施工中：0 天，施工後：78 天，標線復原：76 天,瀏覽照片
112011500036, 112/01/15 17:10,中山區(第一分隊委外),一分隊委外廠商(聖東),第一分隊/一分隊委外廠商(聖東),(交辦)(聖東已修復)北安路837號(原查報地點：(交辦)北安路837號),八米以上, 112/03/23 11:09, 112/02/06 11:19,0.01,,縱向及橫向裂縫,觀察,1,否,廠商,結案,臨時修復：0 時，施工中：0 天，施工後：14 天，標線復原：62 天,瀏覽照片
112011500035, 112/01/15 16:59,中山區(第一分隊委外),一分隊委外廠商(聖東),第一分隊/一分隊委外廠商(聖東),(聖東已修復)(聖東AC)北安路811-1號(原查報地點：(聖東AC)北安路811-1號),八米以上, 112/03/04 15:20, 112/01/18 15:33,0.01,,縱向及橫向裂縫,觀察,1,否,廠商,結案,臨時修復：0 時，施工中：0 天，施工後：0 天，標線復原：81 天,瀏覽照片
112011500032, 112/01/15 16:07,中山區(第一分隊委外),一分隊委外廠商(聖東),第一分隊/一分隊委外廠商(聖東),(聖東AC)松江路512號,八米以上, 112/03/24 21:08, 112/02/08 18:00,0.87,,縱向及橫向裂縫,觀察,1,否,廠商,結案,臨時修復：0 時，施工中：0 天，施工後：15 天，標線復原：61 天,瀏覽照片
112011500001, 112/01/15 02:24,中山區(第一分隊),1999話務中心,[第一分隊]一分隊委外廠商(聖東),分OK-(請管區發函給社區大樓改善)(管區通知大廈)臺北市中山區朱崙里009鄰遼寧街30號(原查報地點：臺北市中山區朱崙里009鄰遼寧街30號),八米以上, 112/03/01 02:24, 112/02/01 09:46,17.31,2023011500012,溝蓋路邊緣石,立即改善,1,否,1999交辦案件,結案,臨時修復：0 時，施工中：0 天，施工後：9 天，標線復原：67 天,瀏覽照片
112011300054, 112/01/13 13:17,中山區(第一分隊委外),一分隊委外廠商(聖東),第一分隊/一分隊委外廠商(聖東),(聖東設施)(聖東已修復)建國北路3段113巷33號(原查報地點：(聖東設施)建國北路3段113巷33號),八米以上, 112/03/23 10:46, 112/02/06 11:02,0.01,,縱向及橫向裂縫,觀察,1,否,廠商,結案,臨時修復：0 時，施工中：87 天，施工後：16 天，標線復原：62 天,瀏覽照片
112011300053, 112/01/13 13:10,中山區(第一分隊委外),一分隊委外廠商(聖東),第一分隊/一分隊委外廠商(聖東),(聖東設施)(聖東已修復)建國北路3段113巷13號(原查報地點：(聖東設施)建國北路3段113巷13號),八米以上, 112/03/23 10:43, 112/02/06 10:51,0,,縱向及橫向裂縫,觀察,1,否,廠商,結案,臨時修復：0 時，施工中：87 天，施工後：16 天，標線復原：62 天,瀏覽照片
112011300052, 112/01/13 13:02,中山區(第一分隊委外),一分隊委外廠商(聖東),第一分隊/一分隊委外廠商(聖東),(聖東設施)(聖東已修復)建國北路3段113巷6號-3(原查報地點：(聖東設施)建國北路3段113巷6號-3),八米以上, 112/03/23 10:40, 112/02/06 10:57,0.01,,縱向及橫向裂縫,觀察,1,否,廠商,結案,臨時修復：0 時，施工中：87 天，施工後：16 天，標線復原：62 天,瀏覽照片
112011300051, 112/01/13 12:58,中山區(第一分隊委外),一分隊委外廠商(聖東),第一分隊/一分隊委外廠商(聖東),(聖東設施)(聖東已修復)建國北路3段113巷6號-2(原查報地點：(聖東設施)建國北路3段113巷6號-2),八米以上, 112/03/23 10:37, 112/02/06 10:59,0.01,,縱向及橫向裂縫,觀察,1,否,廠商,結案,臨時修復：0 時，施工中：87 天，施工後：16 天，標線復原：62 天,瀏覽照片
112011300050, 112/01/13 12:44,中山區(第一分隊委外),一分隊委外廠商(聖東),第一分隊/一分隊委外廠商(聖東),(聖東設施)(聖東已修復)建國北路3段113巷6號-1(原查報地點：(聖東設施)建國北路3段113巷6號-1),八米以上, 112/03/23 10:34, 112/02/06 10:56,0.01,,縱向及橫向裂縫,觀察,1,否,廠商,結案,臨時修復：0 時，施工中：87 天，施工後：16 天，標線復原：62 天,瀏覽照片
112011300049, 112/01/13 12:35,中山區(第一分隊委外),一分隊委外廠商(聖東),第一分隊/一分隊委外廠商(聖東),(聖東設施)(聖東已修復)民族東路410巷2弄18號對面(原查報地點：(聖東設施)民族東路410巷2弄18號對面),八米以上, 112/03/23 10:31, 112/02/06 10:54,0.02,,縱向及橫向裂縫,觀察,1,否,廠商,結案,臨時修復：0 時，施工中：87 天，施工後：16 天，標線復原：62 天,瀏覽照片
112011302245, 112/01/13 00:00,中山區(第一分隊委外),中山巡,第一分隊/一分隊委外廠商(聖東),(聖東AC)(聖東已修復)民生東路3段28號(原查報地點：中山區民生東路3段28號),八米以上, 112/03/16 11:22, 112/03/02 10:36,0.97,中山巡1120103038,坑洞,觀察,1,否,廠商,結案,臨時修復：0 時，施工中：87 天，施工後：39 天，標線復原：39 天,瀏覽照片
112011200193, 112/01/12 18:03,中山區(第一分隊委外),一分隊委外廠商(聖東),第一分隊/一分隊委外廠商(聖東),(聖東設施)(聖東已修復)民族東路410巷2弄6號對面(原查報地點：(聖東設施)民族東路410巷2弄6號對面),八米以上, 112/03/23 10:28, 112/02/06 10:48,0.01,,縱向及橫向裂縫,觀察,1,否,廠商,結案,臨時修復：0 時，施工中：88 天，施工後：17 天，標線復原：62 天,瀏覽照片
112011200185, 112/01/12 17:59,中山區(第一分隊委外),一分隊委外廠商(聖東),第一分隊/一分隊委外廠商(聖東),(聖東設施)(聖東已修復)民族東路410巷1號對面(原查報地點：(聖東設施)民族東路410巷1號對面),八米以上, 112/03/23 10:26, 112/02/06 11:00,0.02,,縱向及橫向裂縫,觀察,1,否,廠商,結案,臨時修復：0 時，施工中：88 天，施工後：17 天，標線復原：62 天,瀏覽照片
112011200184, 112/01/12 17:46,中山區(第一分隊委外),一分隊委外廠商(聖東),第一分隊/一分隊委外廠商(聖東),(聖東設施)(聖東已修復)龍江路412巷61-1號對面(原查報地點：(聖東設施)龍江路412巷61-1號對面),八米以上, 112/03/23 10:24, 112/02/06 10:53,0.02,,縱向及橫向裂縫,觀察,1,否,廠商,結案,臨時修復：0 時，施工中：88 天，施工後：17 天，標線復原：62 天,瀏覽照片
112011200183, 112/01/12 17:38,中山區(第一分隊委外),一分隊委外廠商(聖東),第一分隊/一分隊委外廠商(聖東),(聖東設施)(聖東已修復)民族東路與民族東路410巷交叉口西南角(原查報地點：(聖東設施)民族東路與民族東路410巷交叉口西南角),八米以上, 112/03/23 10:21, 112/02/06 10:55,0.02,,縱向及橫向裂縫,觀察,1,否,廠商,結案,臨時修復：0 時，施工中：88 天，施工後：17 天，標線復原：62 天,瀏覽照片
112011100126, 112/01/11 16:54,中山區(第一分隊委外),一分隊委外廠商(聖東),第一分隊/一分隊委外廠商(聖東),(聖東設施)(聖東已修復)松江路317號(原查報地點：(聖東設施)松江路317號),八米以上, 112/03/23 11:11, 112/02/06 11:18,0,,溝蓋路邊緣石,觀察,1,否,廠商,結案,臨時修復：0 時，施工中：89 天，施工後：18 天，標線復原：62 天,瀏覽照片
112011100121, 112/01/11 16:48,中山區(第一分隊委外),一分隊委外廠商(聖東),第一分隊/一分隊委外廠商(聖東),(聖東設施)(聖東已修復)松江路366號(原查報地點：(聖東設施)松江路366號),八米以上, 112/03/23 11:13, 112/02/06 11:18,0,,溝蓋路邊緣石,觀察,1,否,廠商,結案,臨時修復：0 時，施工中：89 天，施工後：18 天，標線復原：62 天,瀏覽照片
112011100119, 112/01/11 16:41,中山區(第一分隊委外),一分隊委外廠商(聖東),第一分隊/一分隊委外廠商(聖東),(聖東設施)(聖東已修復)民權東路2段136號(原查報地點：(聖東設施)民權東路2段136號),八米以上, 112/03/23 11:17, 112/02/06 11:20,0,,溝蓋路邊緣石,觀察,1,否,廠商,結案,臨時修復：0 時，施工中：89 天，施工後：18 天，標線復原：62 天,瀏覽照片
112011100062, 112/01/11 11:27,中山區(第一分隊委外),一分隊委外廠商(聖東),第一分隊/一分隊委外廠商(聖東),(聖東已修復)(聖東AC)長春路65號(原查報地點：(聖東AC)長春路65號),八米以上, 112/03/04 15:22, 112/01/18 15:33,0.01,,縱向及橫向裂縫,觀察,1,否,廠商,結案,臨時修復：0 時，施工中：89 天，施工後：0 天，標線復原：81 天,瀏覽照片
112011100061, 112/01/11 11:20,中山區(第一分隊委外),一分隊委外廠商(聖東),第一分隊/一分隊委外廠商(聖東),(聖東AC)(聖東已修復)大直橋往北上橋處高速公路下方(原查報地點：(聖東AC)大直橋往北上橋處高速公路下方),八米以上, 112/03/30 13:13, 112/02/13 13:23,0.01,,縱向及橫向裂縫,觀察,1,否,廠商,結案,臨時修復：0 時，施工中：89 天，施工後：25 天，標線復原：55 天,瀏覽照片
112011100006, 112/01/11 10:13,中山區(第一分隊委外),一分隊委外廠商(聖東),第一分隊/一分隊委外廠商(聖東),(聖東已修復)(聖東AC)濱江街105號-3(原查報地點：(聖東AC)濱江街105號-3),八米以上, 112/03/11 01:08, 112/02/03 17:16,9.67,,縱向及橫向裂縫,觀察,1,否,廠商,結案,臨時修復：0 時，施工中：89 天，施工後：15 天，標線復原：65 天,瀏覽照片
112011100005, 112/01/11 10:08,中山區(第一分隊委外),一分隊委外廠商(聖東),第一分隊/一分隊委外廠商(聖東),(聖東已修復)濱江街105號-2(原查報地點：(聖東AC)濱江街105號-2),八米以上, 112/03/24 20:25, 112/02/07 18:00,-0.1,,縱向及橫向裂縫,觀察,1,否,廠商,結案,臨時修復：0 時，施工中：89 天，施工後：19 天，標線復原：61 天,瀏覽照片
112011100004, 112/01/11 10:04,中山區(第一分隊委外),一分隊委外廠商(聖東),第一分隊/一分隊委外廠商(聖東),(聖東已修復)(聖東AC)濱江街105號-1(原查報地點：(聖東AC)濱江街105號-1),八米以上, 112/03/11 01:05, 112/01/25 01:39,0.02,,縱向及橫向裂縫,觀察,1,否,廠商,結案,臨時修復：0 時，施工中：89 天，施工後：6 天，標線復原：74 天,瀏覽照片
112011006324, 112/01/10 00:00,中山區(第一分隊委外),中山巡,第一分隊/一分隊委外廠商(聖東),(聖東已修復)松江路133號(原查報地點：中山區松江路133號),八米以上, 112/03/24 21:05, 112/02/13 13:22,5.68,中山巡1120102284,縱向及橫向裂縫,觀察,1,否,廠商,結案,臨時修復：0 時，施工中：4 天，施工後：20 天，標線復原：61 天,瀏覽照片
112010900107, 112/01/09 16:46,中山區(第一分隊委外),一分隊委外廠商(聖東),第一分隊/一分隊委外廠商(聖東),(聖東AC)(聖東已修復)新生北路2段47號(原查報地點：(聖東AC)新生北路2段47號),八米以上, 112/03/30 13:12, 112/02/13 13:23,0.01,,縱向及橫向裂縫,觀察,1,否,廠商,結案,臨時修復：0 時，施工中：91 天，施工後：27 天，標線復原：55 天,瀏覽照片
112010603261, 112/01/06 00:00,中山區(第一分隊委外),中山巡,第一分隊/一分隊委外廠商(聖東),(聖東已修復)民權東路2段43號(原查報地點：中山區民權東路2段43號),八米以上, 112/03/24 20:21, 112/02/13 13:23,5.71,中山巡1120101364,溝蓋路邊緣石,觀察,1,否,廠商,結案,臨時修復：0 時，施工中：94 天，施工後：24 天，標線復原：61 天,瀏覽照片
112010500004, 112/01/05 09:16,中山區(第一分隊委外),一分隊委外廠商(聖東),第一分隊/一分隊委外廠商(聖東),(聖東已修復)(掏空開挖)遼寧街95號(原查報地點：(掏空開挖)遼寧街95號),八米以下, 112/03/11 01:25, 112/01/25 01:37,0.01,,縱向及橫向裂縫,觀察,1,否,廠商,結案,臨時修復：0 時，施工中：0 天，施工後：12 天，標線復原：0 天,瀏覽照片
112010203650, 112/01/02 00:00,中山區(第一分隊委外),中山巡,第一分隊/一分隊委外廠商(聖東),(聖東已修復)吉林路41號(原查報地點：中山區民權西路54號),八米以上, 112/03/30 13:08, 112/02/15 11:23,1.93,中山巡1120100146,溝蓋路邊緣石,觀察,1,否,廠商,結案,臨時修復：0 時，施工中：98 天，施工後：34 天，標線復原：55 天,瀏覽照片
111122800003, 111/12/28 09:14,中山區(第一分隊委外),一分隊委外廠商(聖東),第一分隊/一分隊委外廠商(聖東),(補繪標線)(聖東已修復)北安路819號(原查報地點：(補繪標線)北安路819號),八米以上, 112/03/21 16:59, 112/02/06 10:51,1.74,,溝蓋路邊緣石,觀察,1,否,廠商,結案,臨時修復：0 時，施工中：103 天，施工後：30 天，標線復原：64 天,瀏覽照片
111122706283, 111/12/27 00:00,中山區(第一分隊委外),中山巡,第一分隊/一分隊委外廠商(聖東),(聖東已完工)中山區新生北路3段往南過民族東路公車站前(原查報地點：中山區民族東路17號),八米以上, 112/03/05 09:45, 112/03/01 18:00,11.34,中山巡1111211173,鋪面破損,觀察,1,否,廠商,結案,臨時修復：0 時，施工中：104 天，施工後：45 天，標線復原：50 天,瀏覽照片
111122010281, 111/12/20 00:00,中山區(第一分隊委外),中山巡,第一分隊/一分隊委外廠商(聖東),(聖東已修復)民權西路79號(原查報地點：中山區民權西路79號),八米以上, 112/03/24 20:12, 112/02/13 13:24,5.72,中山巡1111208873,溝蓋路邊緣石,觀察,1,否,廠商,結案,臨時修復：0 時，施工中：111 天，施工後：41 天，標線復原：61 天,瀏覽照片
111121601045, 111/12/16 00:00,中山區(第一分隊委外),中山巡,第一分隊/一分隊委外廠商(聖東),(聖東已修復)民生西路3巷2號(原查報地點：中山區民生西路3巷2號),八米以上, 112/03/17 12:06, 112/03/06 12:30,4.02,中山巡1111204769,側溝蓋破損,觀察,1,否,廠商,結案,臨時修復：0 時，施工中：17 天，施工後：68 天，標線復原：38 天,瀏覽照片
111121100008, 111/12/11 17:22,中山區(第一分隊委外),一分隊委外廠商(聖東),第一分隊/一分隊委外廠商(聖東),(考評)(聖東已修復)民權東路2段1號(原查報地點：(考評)民權東路2段1號),八米以上, 112/03/17 10:32, 112/03/02 10:35,0,,其他,觀察,1,否,廠商,結案,臨時修復：0 時，施工中：120 天，施工後：73 天，標線復原：38 天,瀏覽照片
111120800092, 111/12/08 17:02,中山區(第一分隊委外),一分隊委外廠商(聖東),第一分隊/一分隊委外廠商(聖東),(聖東AC)中山北路4段士林往圓山方向機車專用道,八米以上, 112/03/24 19:41, 112/02/07 18:00,-0.07,,縱向及橫向裂縫,觀察,1,否,廠商,結案,臨時修復：0 時，施工中：123 天，施工後：53 天，標線復原：61 天,瀏覽照片
111120700119, 111/12/07 18:13,中山區(第一分隊委外),一分隊委外廠商(聖東),第一分隊/一分隊委外廠商(聖東),(考評)民權西路42號,八米以上, 112/03/26 09:27, 112/02/09 09:29,0,,溝蓋路邊緣石,觀察,1,否,廠商,結案,臨時修復：0 時，施工中：0 天，施工後：56 天，標線復原：59 天,瀏覽照片
111120700118, 111/12/07 18:12,中山區(第一分隊委外),一分隊委外廠商(聖東),第一分隊/一分隊委外廠商(聖東),(考評案件)民權西路48號,八米以上, 112/03/26 09:21, 112/02/09 09:23,0,,溝蓋路邊緣石,觀察,1,否,廠商,結案,臨時修復：0 時，施工中：124 天，施工後：56 天，標線復原：59 天,瀏覽照片
111120700113, 111/12/07 17:45,中山區(第一分隊委外),一分隊委外廠商(聖東),第一分隊/一分隊委外廠商(聖東),(考評案件)民權西路58號,八米以上, 112/03/26 09:11, 112/02/09 09:13,0,,溝蓋路邊緣石,觀察,1,否,廠商,結案,臨時修復：0 時，施工中：124 天，施工後：56 天，標線復原：59 天,瀏覽照片
111120712388, 111/12/07 00:00,中山區(第一分隊委外),中山巡,第一分隊/一分隊委外廠商(聖東),(聖東已完工)中山北路4段士林往圓山方向機車專用道(原查報地點：中山區林森北路638號),八米以上, 112/03/24 16:34, 112/03/10 10:01,0.73,中山巡1111201853,龜裂,觀察,1,否,廠商,結案,臨時修復：0 時，施工中：124 天，施工後：84 天，標線復原：31 天,瀏覽照片
111120205587, 111/12/02 00:00,中山區(第一分隊委外),中山巡,第一分隊/一分隊委外廠商(聖東),(聖東設施)(聖東已修復)長春路86巷1號(原查報地點：中山區長春路22-1號),八米以上, 112/03/16 11:54, 112/03/02 10:35,0.94,中山巡1111200421,側溝蓋破損,觀察,1,否,廠商,結案,臨時修復：0 時，施工中：31 天，施工後：81 天，標線復原：39 天,瀏覽照片
111112803697, 111/11/28 00:00,中山區(第一分隊委外),中山巡,第一分隊/一分隊委外廠商(聖東),(聖東已修復)(聖東設施)民族東路410巷8號(原查報地點：中山區民族東路410巷8號),八米以上, 112/03/11 02:04, 112/02/02 18:00,8.66,中山巡1111107690,溝蓋路邊緣石,觀察,1,否,廠商,結案,臨時修復：0 時，施工中：16 天，施工後：50 天，標線復原：74 天,瀏覽照片
111112210708, 111/11/22 00:00,中山區(第一分隊委外),中山巡,第一分隊/一分隊委外廠商(聖東),(聖東已修復)(聖東AC)中山北路2段16巷19號(原查報地點：中山區中山北路2段16巷19號),八米以上, 112/03/04 17:31, 112/01/19 12:23,0.79,中山巡1111106060,縱向及橫向裂縫,觀察,1,否,廠商,結案,臨時修復：0 時，施工中：139 天，施工後：49 天，標線復原：81 天,瀏覽照片
111112206517, 111/11/22 00:00,中山區(第一分隊委外),中山巡,第一分隊/一分隊委外廠商(聖東),(聖東已修復)(聖東AC)民生東路1段30號(民生東路1段30巷口)(原查報地點：中山區民生東路1段32號),八米以上, 112/03/06 15:36, 112/02/02 18:00,13.1,中山巡1111106063,縱向及橫向裂縫,觀察,1,否,廠商,結案,臨時修復：0 時，施工中：139 天，施工後：51 天，標線復原：0 天,瀏覽照片
111112110657, 111/11/21 00:00,中山區(第一分隊),中山巡,第一分隊/一分隊委外廠商(聖東),(聖東已修復)(聖東AC)伊通街26號(原查報地點：中山區伊通街26號),八米以上, 112/03/11 01:33, ,,中山巡1111106055,縱向及橫向裂縫,觀察,0,否,廠商,結案,臨時修復：0 時，施工中：1 天，施工後：57 天，標線復原：0 天,瀏覽照片
111110100234, 111/11/01 19:28,中山區(第一分隊委外),一分隊委外廠商(聖東),第一分隊/一分隊委外廠商(聖東),(聖東已修復)建國北路2段72號(長春路本線上)(原查報地點：(聖東設施)建國北路2段72號(長春路本線上)),八米以上, 112/03/24 19:32, 112/02/13 13:24,5.74,,溝蓋路邊緣石,觀察,1,否,廠商,結案,臨時修復：0 時，施工中：0 天，施工後：90 天，標線復原：61 天,瀏覽照片
111101700541, 111/10/17 18:09,中山區(第一分隊委外),一分隊委外廠商(聖東),第一分隊/一分隊委外廠商(聖東),(考評)(聖東已修復)北安路往西與通北街交叉口(原查報地點：(考評)北安路往西與通北街交叉口),八米以上, 112/03/17 11:49, 112/03/02 11:52,0,,鋪面破損,觀察,1,否,廠商,結案,臨時修復：0 時，施工中：0 天，施工後：128 天，標線復原：38 天,瀏覽照片
111092701076, 111/09/27 00:00,中山區(第一分隊委外),中山巡,第一分隊/一分隊委外廠商(聖東),(聖東已修復)明水路439號(原查報地點：中山區明水路439號),八米以上, 112/03/21 16:52, 112/02/06 11:02,1.76,中山巡1110910711,縱向及橫向裂縫,觀察,1,否,廠商,結案,臨時修復：0 時，施工中：195 天，施工後：122 天，標線復原：64 天,瀏覽照片
111082207645, 111/08/22 00:00,中山區(第一分隊委外),中山巡,第一分隊/一分隊委外廠商(聖東),(聖東已修復)中山區市民大道3段33號(原查報地點：中山區市民大道3段33號),八米以上, 112/03/11 01:53, 112/02/02 18:00,8.67,中山巡1110804307,溝蓋路邊緣石,觀察,1,否,廠商,結案,臨時修復：0 時，施工中：231 天，施工後：148 天，標線復原：74 天,瀏覽照片